Name,Logo,Site,Funding Rounds,Location(s),Notes
.406 Ventures,vmm6ugjlhyps9yhu3ufi.png (https://v5.airtableusercontent.com/v3/u/41/41/1748289600000/Q_Gi48N6TMJcMsF5irSQow/tyvsVCIpNvQbFMkyReyn5XPqG9CA-a2Tp8sTOKa2SnOrxEDJLDNR1wIDWzHur8AyxSGmH2mybc8tEy4BgAy4xQowzenJOK7x44tVqvFZb_4KBELqSpcl9164r5SwfbBy/AsUxJDhxfbbRYYTmrrU4Y4s446w4PYRFnuwdJoQV8fw),http://www.406ventures.com/,.406 Ventures II,Boston/Cambridge,
83North,booplpldsebesnxqyt3o.png (https://v5.airtableusercontent.com/v3/u/41/41/1748289600000/ftfYLOWBte-jhFhkVUAB8g/lrfJq14Jfh0VeBC-AuJnqW_qYDHMiqolxWNGDJanox1QAr1E-MiPAqQgnnyTN08vOFmSwSmnzX93J1ppTPq5l0r9UvUMBGSA5hqSWozqhSgRHWbXpNqu--jPcKrrELBl/zUpH117toEDiPvvXq2TbyzKK5_r_6E7mTVRZAlIgwL8),http://www.83north.com/,83North I,"Tel Aviv Metro Area,London",Formerly Greylock IL
137 Ventures,4cd3e0820f08a1ea8325be1b9990e569.png (https://v5.airtableusercontent.com/v3/u/41/41/1748289600000/DnDpgobRw2EpiK22nwWXSg/KXUgBDOiywIO4u4kdvEl9pp6oPLRRwWUjt5e10eLXt0hPLUpiPQcI2D7UfyCZYZvnCt4_uWxu_hyXc0xJV9Oy-ELh0QxepyCsqZyjHMo2seD1HhfNsNFJ-0wiiLpooBr/oRyx3puiYmWjxGDHFb-z-V4VvtTD0Z5HnhwWCO7nYPA),http://137ventures.com/,137 Ventures II,SF Bay Area/Silicon Valley,
212 Limited,oqjnbl1ieirdf57k6e4s.jpg (https://v5.airtableusercontent.com/v3/u/41/41/1748289600000/_guxdifWnrgtz7ys0yLsWQ/uETkqoQ4P8z7rryefN7zKmsCBOEd2WChYxk1yFOFiiE2I0dFTTu6ZzrFbxpwMU5jbr3F2W7A2Vo5wvC1UOvy93R7VQdiPxxXCu366LcQ0wCyqncw8A0dIojTMpuP_64T/ledP2ndaQpdC7VeZHFk5hSOsvPihXMtG43NYvw_4XJE),http://212ltd.com/,212 Limited I,Istanbul,
500 Startups,ehscebzgx2cvshmw9vxb.jpg (https://v5.airtableusercontent.com/v3/u/41/41/1748289600000/0L3_0R5A8H8W52HmbBsrQg/OJf_8iXESzNuDL7FG1ja9B1I4yLRbXmpQJ_1oXYCMeUuc-hOGwNE2JHBiKv1LHZ-uyoJFh1TH7APQ-J-BlyJAlmAXwovdoYlBz1-c3yrfWu4mUW3W6kwR8vbTn6OyZBB/PiAbLGVb4D2wvQOpk8yvA2Caj1MRQpPsfY3EU7fHDfI),http://500.co/,"500 Startups III,500 Startups II,500 Startups I","SF Bay Area/Silicon Valley,""New York, NY"",Mexico City",
1955 Capital,im04cp1aagy36n35cdhz.png (https://v5.airtableusercontent.com/v3/u/41/41/1748289600000/L8ZVt5IBpfqubDalbikEpA/OV5BOfwqVBOE4fOst83s5-gnYbqdIPO0D3IsAuJ2N8ABC3AoKzaFw8HkJg9jv9fQmafAHVFRlnmnnf_Nex5pxL0gqlYh_ne8G1AHqRAg0IcyxQkjj3tEzI_VOfAQPuU8/jxB-IkKana-DQVYrGwpKxnqmOJsmCc5NymPwZeDroTU),http://www.1955.capital/,1955 Capital I,SF Bay Area/Silicon Valley,
Acton Capital Partners,acton_capital_partners.jpg (https://v5.airtableusercontent.com/v3/u/41/41/1748289600000/RVVu2Ly8YPtWBdaea5U97g/AtE39MWcDC7zsMWcpzpI3Mcs1_w8P0CC0koDwJgkZAEGBKdUZSNiScLLKZ_uJ8n8ne_517n2og6vsZam2rd5JmQG41GWRdJoCbdHo7U2a7kWISeNOjOmfNDc5kSDeVfF/M9jtxBD_fI1A0-C7Lf3Tyo48dd2wC1eF52-vA_DI-iI),http://www.actoncapital.com/,Acton Capital Partners II,Munich,
Aglaia Biomedical Ventures,aglaia_biomedical_ventures.jpg (https://v5.airtableusercontent.com/v3/u/41/41/1748289600000/GIMYEaC9FnFgSwf_tl1q7Q/n5O4JGLOZwq7Ba3DTuAr0KOheHWWwCKcL8kysc2ggzI_PhUs95Fj0Vtx1C5ARaFFrlk1dNhZOiocSZ3adm_nLBbeziryRIKJryfeGSKT5rBwANBBV4a9GAOULJV8XKWk/s8hbql3HGKPAO41CQahoetTqkJHdwkET0ZrnTLV8ibM),http://www.aglaia-biomedical.com/,Aglaia Biomedical Ventures II,"""Bilthoven, The Netherlands""",
AH Bio Fund,andreesen_horowitz.jpg (https://v5.airtableusercontent.com/v3/u/41/41/1748289600000/Hf57q8NUxOMSn9--H1sZMg/JsBlyI-tjpUuWpQs8QhN-9UrwrLhkbcYnWAx8p_9Wi21JRwVvWpQ-TGzaCfv8RHxUSvT6o_FSp-C_Lx4qLOA8CBbOozUzBUpQuYeyyWgZBI/A4dhlWCS1fPdHJp18x5hMyGQwkXF1xIA_pF-2qrxiQ4),http://www.a16z.com/,AH Bio Fund I,SF Bay Area/Silicon Valley,
Akkadian Ventures,akkadian_ventures.jpg (https://v5.airtableusercontent.com/v3/u/41/41/1748289600000/iTTbjSz0y8RRY1eLlCHd2A/1lhDGuX_wHE91jawDRJV19pW_2Od95moXvWOxHgvflocdnxHzPEFRcnXAGpkhBn_7lqJx8KdV8WRubiT1gTgrYLP9moKD_hDLJZlJG9UNHs/ppcBl2MFc0e30baeRmK59dzlNJf3kbe8k7c5FybGiT8),http://www.akkadianventures.com/,Akkadian Ventures III,SF Bay Area/Silicon Valley,
Aleph,26aede45ba3f3e304ec6f80014f919c6.png (https://v5.airtableusercontent.com/v3/u/41/41/1748289600000/yoj_9M2HziFubBhi-JI4xA/Zs3PhbCV2AF_nn9zYZ2K2KQmxRyDRoeduEusXXJlbSZ0g6LOFmxvlIJ_Aec4Lu0BoM_aGOBtROiXylnN7vB9kjGCUp0FIB1DtvP78YGSHvA6JFexByIALK5pxkFkc6I_/pfb_JIO8IHe-17tcKu-STRg1tLTPmHva5ewiRx-lADA),http://aleph.vc/,Aleph I,Tel Aviv Metro Area,
Aligned Partners,f01ae3f6f8dafa6d25c65fabef5496e2.jpg (https://v5.airtableusercontent.com/v3/u/41/41/1748289600000/8X1HdRMKpc038Uiawk1_qw/Bt_IMEZScGhHaD_7lYTVPnNBx7tT7J2aGQvMrJWdL49Z8C5srnbuNl6tsoqbuKwUVirkvtQ-1eyfJmqFBt7zc8XwRlv887AnGFfJeIRN5F3kVR62jJFnJ-7jdBUFnEry/UlYEIGCceSMcSXh5X-_lwS3f0nt6_7q0iZcm3G7Fw5Y),http://alignedvc.com/,Aligned Partners II,SF Bay Area/Silicon Valley,
Alpha Venture Partners,alpha_ventures_partners.jpg (https://v5.airtableusercontent.com/v3/u/41/41/1748289600000/BrnV9YpmxmNm62hqEueiOQ/41t4-Ikn2RN7kJC9bpu9iNSxJ8yr8sVoaAj9u6teHQHk6_Ic23H1o6cmzK12NxWEodvCXEDAIsCIPpn7PgmILz3eegmNJyEpyPs48yXQ9EKseedInyYY8R1qfYsyRSnl/p1oFZQ_OuNjTVtzYAto93KoDM6Fory922p6pxTJZcCU),http://www.alphavp.com/,Alpha Venture Partners I,"""New York, NY""",
Alsop Louie,alsop_louie.jpg (https://v5.airtableusercontent.com/v3/u/41/41/1748289600000/3bBDMDuq4j2VkM3hrJ5rRw/GvMdzYbNyiWNHGYqyAmrDQXjMA86u-PLNGVDmQWEBj282Q520pSEAulGRfvi4EsRk8Ar1iLjQaWuf_NcuUfVRj05NGnIHzM0DGxmmdQhmZo/o_oNIYktRDADMZh-cVJHOp4ofsI0_gvKT_ECRTOMNN0),http://www.alsop-louie.com/,Alsop Louie III,SF Bay Area/Silicon Valley,
Altos Ventures,altos_ventures.jpg (https://v5.airtableusercontent.com/v3/u/41/41/1748289600000/bY7IymHNibNFNd4HQSaGIg/e1N6fS2PO6uZrU26IxoVUXD7upwhw3Apff4zIKUj-aUNL5G8l08JW6J0Wafv-cH88fMqSBocOlqVuctcAmAzz1PBK7VD5K4qHVIRJ6LZAQo/7xcnQnltvV8vnMft9qLor9RNIusox5Fxogg4OELk_mA),http://www.altos.vc/,"Altos Ventures I,Altos Ventures II","SF Bay Area/Silicon Valley,Seoul",
Ameba Capital,,,Ameba Capital II,Hong Kong,
Amplify Partners,090c8f938467b740370ce482c709c058.png (https://v5.airtableusercontent.com/v3/u/41/41/1748289600000/evJiNOUk1uXeR2zWLzMygA/2rcSk-aUfRnnIc5orK8GFcgfiQwV3t_9q-hk9V8zD3tvRnk7PAoV39MbSVNMA4Xu5QjtTWqOMrR5HkUWfjFgThSZwY6QRn8bE-PsJy3R2G4czOPV1Uf6q1_NDs3a6az6/YF2sNCCUFzKGy-L-1NzY-h4X_IAiPPu_wQw8DJDdyMo),http://www.amplifypartners.com/,"Amplify Partners II,Amplify Partners I","SF Bay Area/Silicon Valley,Boston/Cambridge",
Amplify.LA,a6n2dcrl0yyejsen1ber.png (https://v5.airtableusercontent.com/v3/u/41/41/1748289600000/gnA-xE_U6Y84y1W3uv91rg/I3GtfSn_jc4NhfmLCuOuhEuuGxyj8ze0ZyMJpoBCuP5Zh2KTjOJnGmEoiXmZ7H9o_MBEfihPBCqQM9cwB1zvF-lgd9D-ZsEYwPFi4yK1qMLCSBGgQAbiLd3XiHEvt-cH/-uN7ys8y4wNDPTwr1Tx2X6XcvVEtQoH2Me8Gz9KLAJ8),http://amplify.la/,Amplify.LA II,Los Angeles,
Aperture Venture Partners,8aa6f1c2ea872b0d06534eee5d34d73a.jpg (https://v5.airtableusercontent.com/v3/u/41/41/1748289600000/DBZCnfLn6rsM2n6-U37K0g/RTFiVM5k94zJz4w8rWyUN6pwYXFGzM_aUAlm81kIN4vZv8jOtDuaUHRoKpQIfp8ua5bCba3S7j18GikVaRSwwTJvhf1ZXInXLKJKz1ufpQ_i5SIxl0spRWqPEpbvW3h_/aLpPjgrmAJxH53T3D8aaxWZWoN5Ta0Ig8MCEk4-DHPc),http://www.aperturevp.com/,Aperture Venture Partners III,"""New York, NY""",
Arthur Ventures,arthur_ventures.jpg (https://v5.airtableusercontent.com/v3/u/41/41/1748289600000/ziAa78TPe22Jt2NJxPWR5Q/AH8dt-k9hjT7wftn9iUuIGicgSqizVEt4G1O7EzazjaTiQuhnNNGepJ83WeObwvm9eXoiZAEWorafqKmq4uf6Y-e3GFi-6XylSV6pri9GR4/mhoE5P8YeBTfFlpvEawr7kpzU-gI0qNVlDs9CpaVcRo),http://arthurventures.com/,Arthur Ventures II,"""Minneapolis, MN"",""Fargo, ND""",
Aspect Ventures,aspect_ventures.jpg (https://v5.airtableusercontent.com/v3/u/41/41/1748289600000/RnwU-mzJiqKu159HW6d2Jw/BCa1ZNZenH7lu4blSDcahUQWesK_vsAufG_XEwa0O6h91aDUc-G_YYuvVJl5OdaefzO74hqRVrCXFIPG8-jH0ptDzkpx6AGRMoQ6fM7nsLI/k0AxtufOr2BpKX9b2fjmyduR0wBWL7jjEEXkziObF9s),http://www.aspectventures.com/,Aspect Ventures I,SF Bay Area/Silicon Valley,
B-to-v Partners,tsxkignvzns4z3yw3pau.png (https://v5.airtableusercontent.com/v3/u/41/41/1748289600000/g7Mxb--dvRaKN2SVjZ0y-A/Y4pP6W9uws7EkMyx4TEs1Q7XYXhQiJzHG_qUFEkd_zAxBhc-iqOvvgtUbB9L-3uXfFJ3yQErC5BdabaG5vOO29g8TCTfWLhdG2GklL8fts46xM-VObVw7DzCXA_oK1_Q/eozCO362fEqZ-_C6U9pfKk7DRLLnc5agKWoCcAXdl_w),http://www.b-to-v.com/,B-to-v Partners III,"Berlin,""St. Gallen, Switzerland"",Luxembourg",
BBVA Ventures,38a2ee594f3141af6182f435e804728a.png (https://v5.airtableusercontent.com/v3/u/41/41/1748289600000/bSyojgnlOoPzPVyj8pH9tQ/xtRx0yYCwPBj8iDEDj0fxmq7NIjGDa8jCLgtIEBDVNlIEjDbh3wc4_8DKvMo094BT7yWQAR_I_T3aJLDf34SeJwXfF-xEjJ2u47lDD9xSrUoz3RAKdmZLjZ5Eld7aeuA/muwRmzLrPz0HgHpQ4j4aBaNK4jJpmiwb9d9BgGOGuD0),http://bbvaventures.com/,BBVA Ventures I,"Madrid,SF Bay Area/Silicon Valley",Closed 2/11/16
Bee Partners,hiezkgml1tus5dkxjeud.jpg (https://v5.airtableusercontent.com/v3/u/41/41/1748289600000/yXDQnZDPwiQjVchXaLp1QQ/CrGeHBZBkqnBhKI6C9Erz2xFZ3k6A8iQMIdHQiHf1y5zncMeeQz4iFqPaDoqgWKXP9t1wDMCzZmlWLRIXtuOaeA8vbPE2VeBorkMIquUyyDsSBbu1MOGj75sYIeOLqkP/kF2OSujOeDVPStkBPjIkzvWeMniyld-zxl9tyVHliIk),http://beepartners.vc/,"Bee Partners II,Bee Partners I",SF Bay Area/Silicon Valley,
Benhamou Global Ventures,fc39e8e9eed001df773b3c4fbf56ef51.jpg (https://v5.airtableusercontent.com/v3/u/41/41/1748289600000/2Pew7_F6iXkOoD8ZbewRXg/P1I-aALfCxiT6NDSBqNDA3cLWMkGTCZtYObWzn4wlVwDmzZYk_1Zzco03LQAkA9VTMXBylmUMlsfqV7pdgZk2-2xQfIsZhSmMXYz3C7qa_600yqRwDe34Vy4eFdE_EXB/hEvjFwMbkyjfJ6zH0hnanKpcr0YHVbZKxFjCJqjOjWU),http://benhamouglobalventures.com/,Benhamou Global Ventures III,SF Bay Area/Silicon Valley,
Binary Capital,ni2nou06uafinorvxnbs.png (https://v5.airtableusercontent.com/v3/u/41/41/1748289600000/2R6cDotDsJHehCYMfUHQKQ/fl3BGf99oiokhZATASEzsVRMcOOGWeJBzIhKzYghvECkqmQoLb6dkqrndBasxquHq5g86XzkUMFBocG7osjKTgHmotq7MwaDzVfxSapLG_IICuKLLiqN1BWx5siuU1WH/crc3NjgZ6Z5kVcekUA-xA54ISUKyE5AwodxtxB0M708),http://www.binarycap.com/,"Binary Capital II,Binary Capital I",SF Bay Area/Silicon Valley,
Blackbird Ventures,ce8300e3ade180ec05e8839e86d11917.png (https://v5.airtableusercontent.com/v3/u/41/41/1748289600000/W34mhx5z9KPLGiRp6vy8Qg/o2V-gPF4NUkQoLM3tIdx6U7kJGKFJIhZEFsmPuBQ-AMCbqcl7jIhoz9hztX2HUMwPoCY0D-e6p1nWsKZApCui-pVDMwYd2lYKixdr6IMx3ViDp5Dd-uIY-08qepx_RUH/AL5Mf0YlxBQm5fFTMYicQFpQJr5bgS8ZgYfbDdRRDxU),http://www.blackbird.vc/,Blackbird Ventures I,Sydney,
Bloomberg Beta,7efb1b0061d0a6d64bc0710262fa52b0.png (https://v5.airtableusercontent.com/v3/u/41/41/1748289600000/uWbz4azsijs6hKBSLb8YZw/W5tIiK11HwXip0d0NvstsME_LRQfio4Y3LSIvvKDE-AaqcYsLHw7dCyEcvOkvYtyfciMDJ_B22NffVWonUicupxSRX1g7WkpQjuZ2ED8JiAjSC4xYdZ8hpGDiLBOXi6_/2d6c6PFuh5DXg9C5tkkZ0JGs6YX5jEj2Jy68_x2_Ps8),http://www.bloombergbeta.com/,Bloomberg Beta I,"SF Bay Area/Silicon Valley,""New York, NY""",
BlueYard Capital,haafv4fuknpeu9ajnrkh.png (https://v5.airtableusercontent.com/v3/u/41/41/1748289600000/xIoF-3EtlwaccjU3gGV1hg/HTsTXy3W6Al3K00nF8PIInFfVfQGUhl7ksfRhuBoIqIHgg0EXL-6JzgH7o3pzEmft6OQI2cIOirHlOFnXw0DcQzq5vI_701Yz8lzKiMyq1bWEyt5JT0grJwB2gLr-hFF/9JzDHXC-m7cjipfg2UfR_f8AOQi0FSoswaBbS1eMo6M),http://blueyard.com/,BlueYard Capital I,Berlin,
BoldStart Ventures,kdufratlexxjucykluau.png (https://v5.airtableusercontent.com/v3/u/41/41/1748289600000/BqD5E8XysAp4PUGeRAFvPQ/1Go1gGAghOHJDPKy3szKki-dyf-rG8q6HCMuF63sLpuuCraSLvPOkV0fDihfASQNdLifMPa4UKHkbRFf790BQrO8hLqgpfXmaeZhqyZ3zh5g7A3jE7JdtMRZCjQAWuoO/LVPiwvBJsWvFsjCF85ImgzRYdra6yLWqGVDVa1oieoo),http://www.boldstart.vc/,"BoldStart Ventures III,BoldStart Ventures II,BoldStart Ventures I","""New York, NY""",
Bowery Capital,7c99758bb96b7c2b8d84563d511a81cc.png (https://v5.airtableusercontent.com/v3/u/41/41/1748289600000/lnX1LFE1pYmicgUzy1BXjg/3JGuRyIS_0TbdMTbD5ZiX3oSNklQ6Xzv6X67naOAqhBGXWRawXFeXeP80WCKmLaXHVrbLRyv-pQv_fMDDM2Un5CS1kDlyWMbeBABDzc4C9ctaNZEVEuGkl0mN8WGPyaA/ZwwdBsiKfGmleqvVxDucP7Up1hgQf6hHXyhiTuaSWM8),http://www.bowerycap.com/,Bowery Capital I,"""New York, NY""",
Brooklyn Bridge Ventures,ce27b59a3ca06ccb60d9353ffb60be3e.jpg (https://v5.airtableusercontent.com/v3/u/41/41/1748289600000/nkT-i3WmXD-3MUwqxP_4PQ/JsFg5pEXjgM7SQWhxpKLNJ-YH5_MxYqLKIx0bBKC5ntAtcNw7bSveC8aA_OvneorgT3ea0f2Ttifi_G0-kbvk8xgE8vr-nNYnvsjZK0oehfIOMU48jyQ-0SwlgO62MHZ/YNTmsTHKh7bReZspbMEsK1SXvFNTgO7VxiuOOgRTbRA),http://brooklynbridge.vc/,"Brooklyn Bridge Ventures II,Brooklyn Bridge Ventures II,Brooklyn Bridge Ventures I","""New York, NY""",
Bryant Stibel,o1bcuj40a8m5glrwmhu9.png (https://v5.airtableusercontent.com/v3/u/41/41/1748289600000/1cwTacjwx83A2frMTrh1DQ/8vCyI8sZAQko2_DEiz0_SqXh2T5lAeekPrKfSoqzaAmtaf9ojOo2Ly3oECn9-T_9qAoFHnn5hjZhq8lkuBrzTWYFalzwAs-YgkuuG6Q1LZH7KuwvxlXDQA68SS7GgjXA/T5W2pplKbZ9jYC3ukhR-qchfqbCz0U1y1-iDazoov8U),http://www.bryantstibel.com/,Bryant Stibel I,Los Angeles,
Bull City Venture Partners,4538497c4fb5f773e3ebaedbd2494820.jpg (https://v5.airtableusercontent.com/v3/u/41/41/1748289600000/e-3Cw3H8ut9UADV5C7kCEA/U4ro3Elh9FcRq0lxH1SAQ02L_Ne3_LiuXQ2Yj0XqIKbSAtHwuvArokJCGLg-cZd5GN1QMNyCu_cB0C69Pgrma4GcxKQsiC28Gclb8EcxNICm6oWTFGh1mlxlV_nXruaN/YT0hSbOdDfqNfJQxUrmgjCTBv0OuwL62YCQWR31SFEM),http://www.bcvp.com/,Bull City Venture Partners I,"""Durham, NC""",
Bullpen,425e57daf38f41914df1c1c1e14a9caa.jpg (https://v5.airtableusercontent.com/v3/u/41/41/1748289600000/W-68SPQcBFmoRBD_l5dFpQ/8HG5XRzoru1HevfD1yFfxcZ_AvaCkHnBNI8IAL12jkB8TfcL5_SI8ysvu4SmO2aUXqjBk2uIbbCNxeGLIXUgWMzyX63S522OdJX0ZsJip0EetsamYsLs8rr2ft-8HZSq/XU1Evs66OBmZP-c50N-zUzPBSDIXS_33irblyJJrNDs),http://bullpencap.com/,Bullpen III,SF Bay Area/Silicon Valley,
Canvas Fund,xmudzqztbzsflgtw3lcr.jpg (https://v5.airtableusercontent.com/v3/u/41/41/1748289600000/R83p0qcQMI_KdiWYTY1a4g/mHnMPjztNwBQTthbtnRZikBd5OUAi124dliBXoB6S52t2P8Z_40H4k5PjG8xCZyMatyZViX01mhlSB3uinP1O0LPpccbhFqT8C0iElCGndsMgqmBRtnAEmzv48gZV1lW/ewLZz4MU0SJCfpLHwkFFLjKh-CyhIMurZQjEesc9wpc),http://www.canvas.vc/,Canvas Fund I,SF Bay Area/Silicon Valley,
Capital Partners,ecdd9db5795446f582c0ba6d1c8e3c90.jpg (https://v5.airtableusercontent.com/v3/u/41/41/1748289600000/LbVs3cklZx0F-N2C8T4LcQ/e57-KTOo9jW3F1ivv4c86f1Wbu0F8abI8f5JJ77kSWjo4Th6OCu1uHNb4JYGYz6GfDTwwBMR-6EOJpHk6q588RzP7yO6bCIJlx_ndk_fzKhrOMzdn3k99m4xRlZKy8P8/T2QjPLReQe8CoaMnsxJnO_lwaMFsYsvVyUy_PhdRUzE),http://capitalpartners.com/,Capital Partners I,SF Bay Area/Silicon Valley,
Carmel Ventures,e281da65cd7ad55dbd5dd8d0b5cdc8a6.jpg (https://v5.airtableusercontent.com/v3/u/41/41/1748289600000/6BPvMtf8z1MIr7gSoAsQFg/vW2LJh-eS7EL-h06XGEQt-VBCBzxLbS40hyJs5ARXooCZpFXbRT5e8F-s9DxMePI2HI0JUQhN0uoJodKA4uc6Wnas3yCPGQ3YSgknAqFla09n5Kk3KucQZ0AAIdxJYU-/UC3sM6BA6A62AU5VzObEjdlF2VYra-uxX2AygC7MeGU),http://www.viola-group.com/Carmelventures,Carmel Ventures IV,Tel Aviv Metro Area,
Causeway Media Partners,yqnzdes5padzp1im6cdu.png (https://v5.airtableusercontent.com/v3/u/41/41/1748289600000/KtL026jJjKoekyEEluKtrw/BtFJmS6Tg6zINjSUYYD76zR21Hr-0O65_N6wnQe3RWAaj22RcvmZN0AkMka-mJLYD2fybhJZMd6M1bNUas5O8qDTX17qTbPBiFt91Q-_ZkSFXQ2wuxJa4pImgWFbDbqm/xAaSgKhgukwiSpwGkUnbg8qr0tGfLXF8_4GGg67cWCc),http://www.causewaymp.com/,"Causeway Media Partners I,Causeway Media Partners I",Boston/Cambridge,
Cendana Capital,vgvsz3rcngvtehk8ekvp.jpg (https://v5.airtableusercontent.com/v3/u/41/41/1748289600000/Iw-OvtQ2b2WppKtfAc5PKQ/s_Azwzj4MX3p84uwh3LFn46p_L4UmFsjEsxvNvF_Q5hXPlwKUGVEWawx1A-8uJ75C0ZIMhkqWRAuGYfKQF9uSSd6ztn33tdevnMhkQBV9JcY7rN9QKWsGO8sw52e5DGY/w6EZVVDGHG8ZUeOW4oYkjZ2Cy1UNyfZs2bddA2z3GuM),http://www.cendanacapital.com/,"Cendana Capital II,Cendana Capital I",SF Bay Area/Silicon Valley,
Chicago Ventures,b904056ca63e4caa71ed8593dd08dc64.png (https://v5.airtableusercontent.com/v3/u/41/41/1748289600000/qJi_drC0WSgaMOyoqKztHQ/_SRMwSfpP9IFYzK7m3WiPXa6lRqEjpB7r2LQWBVc9HgvbyrwpWo3aM8w62owdNPMu2hqybkpKUOdDlU0aziMFJSDzRC_6JJDtQdLTZw-c2ULhINNIsk5YgJ6qJegowWV/Q524ZWiRK-BmOAwcLV6qv_ear2liCMv5lEKqbuwd7r4),http://chicagoventures.com/,Chicago Ventures II,Chicago,
Chrysalix Venture Capital,owdtnijli3copj4nd8u1.png (https://v5.airtableusercontent.com/v3/u/41/41/1748289600000/OAbX6QjmjBLEIeT38IJimg/xRITDZydG-Y501uz6ePumIq5NHxUNipqIPHFIJgWSjI3kfU09eoMjLdDK7nqbx9Z2HPf2ef5DKDglS9txgFaIt5YGISdPwoZieJ6cqB6ifTrgVZuhh7Cw-F3PDadXvre/TB-CZp05-ewydoHM5CVl2uBRnryuWHB1v6Q9aO3-VFk),http://www.chrysalix.com/,Chrysalix Venture Capital I,Vancouver,
Clear Ventures,tabiok2vhfvcdt2ibxyk.png (https://v5.airtableusercontent.com/v3/u/41/41/1748289600000/GcSUaHloCNQ5dAqGAlvFZw/SVfv_-j1IU41n7Fq8Xb8qs9Mgh-li_8uv56d3Cp9WEZth4EnGaSP-83WytDoM3eRE2Ffy7EMpwBfA79-bDqZx4NnuphHentYU-uE9WRn5unQYRGjOLSVMcUbmwSmR1gK/kZb4C1s4pO91kypa_LxDL_Ub90U3vqFVdext_WJzLYw),http://clear.ventures/,Clear Ventures I,SF Bay Area/Silicon Valley,
Collaborative Fund,93db4f1192e705e85828dfb305ab1b8d.jpg (https://v5.airtableusercontent.com/v3/u/41/41/1748289600000/9wHWik7PBZC3cfttg_gegQ/FKv3VYLNI3smI_V93aSdz7Vk1gVdtsDHVkokBfyLE5E_UmDwc67lxVBJfWQDnJ6bvH1V1UCwTp3ZTwnCuzggVH-_fvwyCch3xd7GNC54MrAjOrbCB16N2InefCw_A14t/iFQZrBIwK_3yHDqiujwUnlFpWx9_s8-hxPjCYB31uwU),http://www.collaborativefund.com/,"Collaborative Fund III,Collaborative Fund II","""New York, NY"",SF Bay Area/Silicon Valley",
Commerce Ventures,3a196104c9cc2bc12aa37f28f6fd502b.png (https://v5.airtableusercontent.com/v3/u/41/41/1748289600000/zcKfV5-_Lm2CamNK4iW6AQ/CklScfl2lcegHgQGdVpgIIoHYZVKL0u3j1FAlCdTxYYN1dWXtcgN_1Q50-X2RGlO4ofEFKaRy862yFBn6qFLMyoxssYZduyyap7aA75eV407q0LYIn_IcbafkwZoR99d/GmnElC0maY65j4bl6vfqqkGNSuUNDGX9zVa2OehNVB0),http://www.commercevc.com/,Commerce Ventures II,SF Bay Area/Silicon Valley,
Common Angels,d2hs3ttmfqjg03mqflt0.png (https://v5.airtableusercontent.com/v3/u/41/41/1748289600000/kE-mckRx92w-xf3YWGAvUw/Vf2EqqzqKBQKWl3R8KOYwydp0JBMi0-AgtvCJbzRLMlVqUDyk2UCdwZpiU3n35Gcl4TxbSk1Jb85BUPTDOLMBffWAh21O_QE8INQ2GpM8y9E3Sd0PnHuclcqHSmequC_/4DXj5BHnnKwnQZDEfaa7k9c96mJpUU80FCj0ESVuF1g),http://convergevp.com/,Common Angels IV,Boston/Cambridge,
Compound,u9tde627pdfvfidqmme7.png (https://v5.airtableusercontent.com/v3/u/41/41/1748289600000/oReQTzBQS9qY1oqoclEfIg/0zTU81OUJ6U023HHeOr219xJjBKCeYDzyZSv20-Tf0u6atKLMVa7MJIGNH9NMWzuWhpozWfJS1ZO8OSWtWEM21BT1pLyfVeycLACt3a8IFsuFzAHyJWQlMgUQnlQ1rpA/ZE7OHSPzdt5zbfXHIT66HV0bCd7lTNciLoNcJnTGxVE),https://compound.vc/,Compound I,"""New York, NY""",
Connect Ventures,cfajsy7bhywb0jbdfmcw.png (https://v5.airtableusercontent.com/v3/u/41/41/1748289600000/Ytjr4g2KBU0ODQ1iVIRbJA/oFG31JwgsVrNvogvkAawf2G5MH3Tx6XinHj8cJyrO6vmRAEXKq5bo7k0wV7FQ3DeSx71kHK38F6z5DieVNtOtjNN2YS4I4LY3UuZ_EZWRyCnrXR4V339U8JbJ-3VJ93t/ZD3yIXIjTQmTOXwRXGT6djDcL9w0a74yJ3UiI_8UIRU),http://www.connectventures.co/,Connect Ventures I,London,
Contour Venture Partners,3c8a62ef1460fe0bf165c464512f3c3d.jpg (https://v5.airtableusercontent.com/v3/u/41/41/1748289600000/AMMg8owF1kNPoo4BDNCb6g/tN-lNiN_5WDZQRFbbgEylFDkjwsJgwaSVV4eF2GFeBMXWb3OZsfXzUhygLQEJEnwgVNWfPKjJx88n5r_AYtOwbF9f5kFYXgGUYISbU8L1Q1jjzJHXMu6TZXVXPBt5xGM/rtGKluKGLZh1hwkrhlPySsvDxvffvNgMVCf0nvFUL-8),http://www.contourventures.com/,Contour Venture Partners III,"""New York, NY""",
Core Innovation Capital,nos4iyqwuz9sgpmmcegh.png (https://v5.airtableusercontent.com/v3/u/41/41/1748289600000/GvnU5WO8knQGxyPNkELbOQ/kj6c8F22WXjFNBt74jcokkH6yNlOgfMPgo-wtrDGDIeFEpOq0o2JFxUPWYYuzE0IwQRF5lIur_xT_isxXIrMnNDq7Fx0QjigocQ8y13hzX2xfBfL9oWhSJcN6PSf3_Ay/Lc7Im5w3KxlV9h8B7y6MGkxFRKos3VvM1BQbPHxOdbw),http://www.corevc.com/,Core Innovation Capital I,"""New York, NY""",
Correlation Ventures,098b5d40b07e1324c4b92bfb8c8e052a.png (https://v5.airtableusercontent.com/v3/u/41/41/1748289600000/kNcTo1_zUEG8ICixFarhew/r3BffZQdW6uYdiy3CfCN3ZbIeL88Jh3ywkyv87tAPcHHzylah8pTj7m0dMQoL_jvKDcEEYtZBWUtfJL-ZoCCtqsOI7eYJeTvV3iwUBMYmjcXmyfINVy_KhEr5htpcy0A/dU_tROVLrtQDdxl0QmMrPMjuYhp2518YVWUe_6hurqk),http://correlationvc.com/,Correlation Ventures I,"""San Diego, CA""",
Costanoa Venture Capital,sjmqegstnfkohjv6oek9.png (https://v5.airtableusercontent.com/v3/u/41/41/1748289600000/IM_sBAZFyGABpuKAD2yupg/j8GOYO87VaDXscqljGEkf99vYwuPfEjXczZUNpPaK4aYxysNdVmkWFfBTc_xjwHkzFq10csgYimx1cYEkpe2UE792GrgG_Y0viDqaRNoW4o76ogyvgEpHRSozLPrIMq5/WM3XdZIU1pSJupMdLAMClI-3jENJ23wcNDpEjUIewXE),http://costanoavc.com/,"Costanoa Venture Capital I,Costanoa Venture Capital II",SF Bay Area/Silicon Valley,
Courtside Ventures,nnwhhshivlz7nczspfra.png (https://v5.airtableusercontent.com/v3/u/41/41/1748289600000/xGe8v7tQhuXXDatckBMrtA/FDKXg5IlOQk6baHpcM8VXQsWVjGQalfjxJyz9DFfESCVobYsCFZnEORFqmeFKAaherB3vX028p7E6wQD1ZjR_bMEbp_hQIjgNHpKX1YgESCtTijcaUuxVozaYK0Q3ylG/pgobwLWEBnThut3u2iLkkYECf7ZcZrI2eeGeFPaob8k),http://www.courtsidevc.com/,Courtside Ventures I,"""New York, NY"",Detroit",
Cowboy Ventures,fae13beab9fc463dcef42a43d9d4942f.jpg (https://v5.airtableusercontent.com/v3/u/41/41/1748289600000/brM-QwtXPwAgV0rdzOPsMQ/LYrpYVO1b2ks8ZVTBUxgUttTlfmvyIOmmLrnBYe-SErghEIKGj8CD3r48LtlEfeTlQO2go_sXslVDUBk9K1I8Daemy6wVey021NkrC7JOyA14vDFCk509ElroatB0wx3/R1guMPEHu7ilbbahT8LDzs-eCAIhY6fAj6g6R6gjZtQ),http://www.cowboy.vc/,"Cowboy Ventures II,Cowboy Ventures I",SF Bay Area/Silicon Valley,
Craftsman Capital Partners,vcin2nm4wyj8hoatbdri.jpg (https://v5.airtableusercontent.com/v3/u/41/41/1748289600000/7V-JWEgW62AWL9ckw1DE_w/a4Gs__Z6WLLlJtPqDvLE1tiR5nyAKdLJXEF_R4lHPrHzXVneOmPP34r-iEYz9DXPQJQUAe9YnposIBy_vU7bgevn8vJeu-AqCmZJqEMGuXcfzcpoVfWN6K-1_36Ph4uH/aBh0AzfPrGwX7c3P8DfZ4TF0HI4GFlBkyoLj4krgyY8),http://www.craftsmancapitalpartners.com/,Craftsman Capital Partners I,Dallas,
CrossCut Ventures,xm4intqnbaijzv5ennau.png (https://v5.airtableusercontent.com/v3/u/41/41/1748289600000/5PIDgTggK2wyvZ7_gZ-q4A/MXPFjqzMJTKQ0Zsr-P9JpYggt_xi8esl0kyX82XxTjlCa5522wZnaIXJsZjLOlVPn0wwaWNjUJdibx0yn2edqlGVdHIIjjD4lNIZpgDWQcTdvqRF_B_7jicUSsJH7GAr/5WbSm1749UV8seMG4GCeL2HY104gcN7zjVnHWyh0zuI),http://crosscutventures.com/,CrossCut Ventures III,Los Angeles,
Crosslink Capital,zptspfemah9nkpljm0mz.png (https://v5.airtableusercontent.com/v3/u/41/41/1748289600000/Ge1iBXktChH6mlpQEVDJgQ/pyAvlbtxuGWrKDoV38YctlDDEBCdFzKM2dLk6B3Ms3ninEbPq_e-VQIAp17jJuyt7vmeCELq7UCw2P2BHW8GQ8Xj-GMgYx3zDZmFSSk2T4McsEA424DDPdr97fsKVvsy/CM8pe8W9gNbAqZLgBY6Fy5oJivGh-hOStWRg6OImVT8),http://www.crosslinkcapital.com/,Crosslink Capital VII,SF Bay Area/Silicon Valley,
Crunchfund,z6ksg9sgoutkitsbvwdm.png (https://v5.airtableusercontent.com/v3/u/41/41/1748289600000/6EG7Fb8GfXSppB9bHZjKwQ/HqqGg7P7Thv50s9nkKxYxj22ilIRVFNn7UNsf2kVWE6TsqVGHZ_t0titV5g6i6yMQw2xBeLfzZJtem_udMxv9PFJHpnUNTRTF9HYrXWzcjI6Vm0WOLFMQfeuEwBLzY7P/DOs-k6elCGDgl_59kpxN1zOoLFrlirG4WfcwDPA8itg),http://crunchfund.com/,Crunchfund I,SF Bay Area/Silicon Valley,
Crystal Tech Fund,default_image_cb-e2471225359df18a02957cad1c97c684.png (https://v5.airtableusercontent.com/v3/u/41/41/1748289600000/VUB-N3NCTc9KW0Pdf_9hLw/fr19viq6klTOCIc4diGQWwPFnxEqbl6-HMEUckhxGdpVBzqSHXwCG9ZqcwcSjYTKLxY-YSa-Iotmn23Py0i1RTvQ50qQg_RwRWtKMOth4kfFDMlayksg2ZrULf_EsF05RwH42WaUvq9uJgvGttpGSQ/EUbvAlKS4J9CBi88i9HzCl1RFKkkxKpSjiCT3bqTJgk),http://www.crystalcity.org/,Crystal Tech Fund I,"""Washington, D.C.""",
Danhua Capital,ogij8v0mzf7l1e4gt8ti.jpg (https://v5.airtableusercontent.com/v3/u/41/41/1748289600000/PwR95_s1aUjDvEA424e-dA/-OJeYrEiNHL_NKx-IaSovLEwcsXv04z_SvhIcV6qmljAJBNBx9CUhpOdcTCodYMejyv7binPgZYjlZLXkWFcwVW6VM_7YzsLD7lY1ALUCWOI9pTBbLi31u9hq0e-UC3x/uBE8CtyM9ly0rel_fNI3roL4WJrst5c850BtSoxUJnM),http://www.danhuacap.com/,Danhua Capital I,SF Bay Area/Silicon Valley,
Data Collective,oerb3m0xdc6e2crgiy3x.jpg (https://v5.airtableusercontent.com/v3/u/41/41/1748289600000/D80eej_taxQ_A8nu5v3qzQ/_PdGELRTBc8TIYh9cOSQhdTPswNIE7oBVOE9k-h2ADmY2UcSltIcRJRFWEoMyA7Bq4Br2lnmEm2cJ8oBZfOmXIwYAPtCJmgeoNdSkn5G_mG9sc0nhi_qCNSSrMIGY-tn/DDiFBu2WO0Ff6gof2hC62D7S-KwkLpHt2N8xYZvNyRw),http://www.dcvc.com/,"Data Collective IV,Data Collective I,Data Collective III,Data Collective I",SF Bay Area/Silicon Valley,
Deep Fork Capital,c57638d4953426c4b2d3e8c82af259f3.png (https://v5.airtableusercontent.com/v3/u/41/41/1748289600000/nq3hYy-OzSRFU2NzekKcbw/XFI1wsc5tf-yAvwfCBvqhcZ8v5uM9HIMnV7FpVBkvRI6Gf63on8CGXrWijOFXk4B3wxNrRL4FRxi7YFcZp8AxmDP_U_hb0648djJnfphA6SGR0wPMTilfTzR5f6dt2xq/XaWeCI4duH5ChuH7WpkFsSVWdtaDKu8hzff4ZvR-bKI),http://www.deepforkcapital.com/,Deep Fork Capital II,"SF Bay Area/Silicon Valley,""New York, NY""",
Designer Fund,mpjiithjnvud5zfhnnlg.png (https://v5.airtableusercontent.com/v3/u/41/41/1748289600000/ipLrdPcyoi24aZYg2yte3Q/rvFksnUbdhzwiRmgpt46tSu_uW9F5FHNGfxGIbVKXemliQfOysY7bu5NrF4AYzbItCQZQgMvr29ZhagROufb4gTx5W931vH3hphtTahE64LJuVkSc2hOQn1Fx0RRpXeZ/g7yhZ5RQ5T76GIGAUSnwyHKlZu1Z8d84dWHb-Cys5O0),http://designerfund.com/,Designer Fund I,SF Bay Area/Silicon Valley,
DN Capital,9c968fac08dd53791219d3caccbc453b.png (https://v5.airtableusercontent.com/v3/u/41/41/1748289600000/mRuug5_ahE05uPE2GS9wSw/Y7PBYwIbOTeliKZCwEAB3ciwa9begXQUjkDKKe401J5Zp1UhVrlzDNwRMDQ8n-HfPzARYTWEuqU5IFJ04lrLPrjDjJU_1POg16iz5Rqy_YMvyiGqPFaJbHC01ZJ-tR1c/kqpDQrFrZ7RuOG5CmSMuu4rJRW73tdVPHN8-1fyChFE),http://dncapital.com/,DN Capital III,"SF Bay Area/Silicon Valley,London",
Draper Associates,ltlapqz9ek6ogthkjegj.png (https://v5.airtableusercontent.com/v3/u/41/41/1748289600000/oCiezGltxs_ohi8ZHnnoBA/QVlBBhqCKLJ_WJ1evHuQemJGL9RdwoBVMgR_2coAdUiewVD5XdJ8ltTOz6kN3cIGeuFzis6XFDgqhveTtxNisjHhsLEBNX5nTcaa56A0MjI8s34PStMQLDr_DJmd3eON/2FTg1A7BD9RIszelsUPqc_4zWqytF0-eGTu-3qX0afY),http://www.draper.vc/,"Draper Associates I,Draper Associates V",SF Bay Area/Silicon Valley,
Draper Nexus Ventures,68a5213c3b6f4ea380995e54850469fd.png (https://v5.airtableusercontent.com/v3/u/41/41/1748289600000/tm1N0_XFgT-lAWlahChIEw/EOr36M3pLAk36U6XCwS0K55Vdg5a-Vh_rsSapvSyGN71sX1KzlTEHeKjjYTQj3N-zh6wIzDQisvYgL0tW2bJNKoK6aLxiAnmjDGBI2KFnT9RxQig7VEOJjqQndaEibAF/bMI_K7NSAVs0tiNG5hi1SlbL_SPpYnbd-USFU-tQQAE),http://drapernexus.com/,Draper Nexus Ventures II,"Tokyo,SF Bay Area/Silicon Valley",
Dundee Venture Capital,lurg0eeflomijwqy8yvy.jpg (https://v5.airtableusercontent.com/v3/u/41/41/1748289600000/jjhoauALGrkAFSBppjjDag/izpKUCWS6xnKozBSdMBYLPP9n3e5JaHj9AKDoGecwwCkCFJ8mDCWZBsVlxVy29Ox91tn-Gvb6evqB_Hq0YtK9YDnMay6U8up3_kIl1hvMcz201aIyuBXihx37hsTu9QL/30rJwdwc9CNYQit3Yp6uWiyb5J4gqd663oBQ01znZho),http://www.dundeeventurecapital.com/,Dundee Venture Capital II,"""Omaha, NE""",
Earlybird Venture Capital,yy4jtqad5kplh0dccnko.jpg (https://v5.airtableusercontent.com/v3/u/41/41/1748289600000/gUGj9-GZSn97MtgHd7hXJA/Qkahw1jf5bm2QJxPPsNMQ6y1R48aJCwBey2w9oV39HT-sgCgPDv6JbFVX_CDY_fAD8fLF5fUz0VowthYppykrRZeJ1WOuyCZsqnYqX92T9cWcwZtBzt2xSgGR79mPYCO/PxfdO3JDvWW4_Erjw_R2ag3mzwpxJ75kSAQSXy3z7kc),http://earlybird.com/,Earlybird Venture Capital IV,Berlin,
EIS Angel Co-Investment,3f405dd27b6bea895c87c1fe1490c2b9.gif (https://v5.airtableusercontent.com/v3/u/41/41/1748289600000/UmhyBODBvNu9s7UoSnzgTg/a-lb56mOwPlDvxaYXjFZVUdsaZ5YWsPcrjaf4K2jk-kf4GJfWAthIfJa_efMet0Xp8AqA7pFEOTxkKBXzdomZlsYCAOMGvagdUdFW7iLWzynMJvmVwv0232TyfMS5Tns/TVSQXeYq9UkNDNZyvjeb9lj45Gsod7L0JKlmqQLpAv0),http://www.lbangels.co.uk/,EIS Angel Co-Investment II,London,
Elephant Partners,,http://elephantvc.com/,Elephant Partners I,"""New York, NY"",Boston/Cambridge",
Emergent Medical Partners,23d8aca39fdf57c4fb2fd303ac9530ef.gif (https://v5.airtableusercontent.com/v3/u/41/41/1748289600000/bo8NeqSZ5Kq5Y-LgVAmkAg/lyvIp-JyXTlINCKzJoyK5ERPOMBZco6XcCOiDjQgdehEsLDau1OE_97e3pUHmr4C1XLO48moufadLrCVNcxRX33W8xJVcfOsz4-m7VYruyEuizk1fdqmFr4m1gSB2df0/N_cN17ay4lhgA9Sg2VcUdCKekAIYjRjkk-SbY0UfbK8),http://www.emvllp.com/,Emergent Medical Partners I,SF Bay Area/Silicon Valley,
Engineering Capital,tvoltujc8zm2zr8npi7l.jpg (https://v5.airtableusercontent.com/v3/u/41/41/1748289600000/Ng2yoeBB5ttK_1rYQ5NoMA/xXbYZR0UqxDV4pk28XQAki7XFyplRjamTLlYtRl9DtKuDPY2lCbe7NZEKFIffKqpJMKEMlPV55EhtrP9CpLYDBvF4zdQ3hxmm3UhoRKY-CKUdu77xF3tzDs65IOIZu4h/_zN3P583B_CItGgLIuG3qFAK69VVW8zqyn5LpHg_aR8),http://www.engineeringcapital.com/,Engineering Capital I,SF Bay Area/Silicon Valley,
ENIAC Ventures,mjraop06ordaju8gtrb4.png (https://v5.airtableusercontent.com/v3/u/41/41/1748289600000/ayJlaCpRsOO0gDHO9pNxKA/NfNXKYBNHV0IGI22Wfyubp7irhcZHma53EvxMXMh-DJVSSYikqNFykIxBycamvejDj2m17Z5sudz7KuyNWpyxBFRw-Km7tVsGvvMFsg-kJRfic5IYXzqPPMadLiezHZF/9xaXHJv1s4lfqJcgoh6ZinR2iBV1qIrSm8lP1thYOkg),http://eniac.vc/,"ENIAC Ventures III,ENIAC Ventures II","""New York, NY""",
Expa,0677cb27a8e2930cac92bdf511f78ec2.png (https://v5.airtableusercontent.com/v3/u/41/41/1748289600000/OF5Y-VUO-ac3abTGwNLcuQ/QzBqvaXX-m3lQln6Y9cqS4pBE9mXkTh2uGp-LnONkaE8jHJvCw6jOhEgF-0yBvbvaEK2c40YtxegyUgnb0MEB_N84Y--ftK0nsUtNzjspxP6v2-TFw66DACi5ZjdT0G8/kvEV8eL7GLFgA1HhWVmEM_5mTuSspGTvQvi3ej5YtuA),http://www.expa.com/,Expa I,SF Bay Area/Silicon Valley,
Felicis Ventures,d9aqjy65hhsdpcqvstte.png (https://v5.airtableusercontent.com/v3/u/41/41/1748289600000/LYA98dnlEANLSIBxNwKiNQ/mf5aPsujdjgr1dXkdjwKjo1Onl9vxodJiGi38qcgC4gZrOBUfl74M-jNWrQX8qRM4cb0R22x8OFJhO3J9QQRMEGmHZhzmdA5i1JJoy7QxgV8CFtogN-tqMbmJjzf4LUe/iiOmmtNzIkGOxPVfhtLvJID-_n7OoUewOPEVMPPYwAo),http://www.felicis.com/,"Felicis Ventures V,Felicis Ventures IV,Felicis Ventures III",SF Bay Area/Silicon Valley,
Female Founders Fund (FCubed),pk2qkxqcryqvsrva8w6k.png (https://v5.airtableusercontent.com/v3/u/41/41/1748289600000/2A_voQHXgw5X-uu5qnny4w/L5rMa17ErBaGdcORXAQcImZ181yJtriQLaBkpUnPE9PYmEN6InOlft53-EJOz0ljzb0ySrsj1OGfnNXqxQiNkHGX8najQxKFhP_6MWuU1fa6EXwKPhhTYnWat8CwlXB1/_s8mS0mlAhqtc1zTaWio3lECXEVQJG5R7P05pg2tLTE),http://femalefoundersfund.com/,Female Founders Fund (FCubed) I,"""New York, NY""",
ff VC,oblhjodv4mesinvjjg3k.png (https://v5.airtableusercontent.com/v3/u/41/41/1748289600000/R2QQLXDQDazT_3PhhZozMw/Civ_Fz9urWS0clelkAQ7gRCi3qacXU_2UDoaKbPGpmcB2lrsetKSb1ZqLukucfeu68h66wNc3AUK4ja4Hc__73HMvA0I1Atc3RBd9UdwE-EHO7L3_-rtmjU9RklmjXcj/C_eOx-TsEvpqusltgLtt_EDJpue2r0Iw4jrdx0F8cC8),http://www.ffvc.com/,"ff VC III,ff VC III","""New York, NY""",
First Round Capital,qulwlsgonnklkvnhevze.jpg (https://v5.airtableusercontent.com/v3/u/41/41/1748289600000/LGvpEsEDMRAXjGoRsLxTcw/bQvs_2wbGviGljCHE5mFgCf21Hzo9Sk9e9mSg_-yzRT3UZwnJQlbb5DrVtfIIcN5HHxdjzXjJPyHCnRg4TEWDzuBiUpRDF-sV3O0dy--9tHMZVnybE2QJj7SIx9t-mBO/Dg8_PtIEXjoVAbLZFDXOAh4g54Zpsgy-Hg-eH4XCM3U),http://www.firstround.com/,"First Round Capital VI,First Round Capital V,First Round Capital IV","""New York, NY"",SF Bay Area/Silicon Valley,Philadelphia",
Floodgate,715caf16e22061514b2b37d53d656aa1.jpg (https://v5.airtableusercontent.com/v3/u/41/41/1748289600000/W_AVqIh2HJRE_gGaUDFVgA/MCZQlqBFvgrb8BruR6EnMmXfHDqRTab6TMNUE0REBMO_cBz2OxAlptooujFxXG1IYKAB8zfngCpN6aaHZN6xteN-qOlHSyw6IYFoF9A6AKVCGpSvylaLby3CYmE79RuF/WCzF43kSW0c4L_7pw4itubDPyFI-P52K1RhjqDoLc8M),http://www.floodgate.com/,Floodgate IV,SF Bay Area/Silicon Valley,
Forbion Capital Partners,914212cd24be1055fadd35d9cd816f13.gif (https://v5.airtableusercontent.com/v3/u/41/41/1748289600000/WFUKEr8lb7d5WWVHw1_3cQ/uf0zLFvwUhKtCug3iG3tENNEsHqWanYw3xjlVWyiEgbUbbb_2wr__kkItUqJfa6SpGvQGF5UZCC_2g2lksemQSFlKS2om8V9V0z6dacmxL8HQqnMqplC_DzIwb7DLtlJ/Hecbj9N6Eg1GF2mpZiOn8rJQfmb15LdGkuGzs7if3X0),http://www.forbion.com/,Forbion Capital Partners ,"""Naarden, The Netherlands""",
Forerunner Ventures,cc7c7aa5154176e50b3fafc400e2323b.jpg (https://v5.airtableusercontent.com/v3/u/41/41/1748289600000/hZjWtXxLaNc4ReYcGNyVjg/Q390L_vzmiRctOxygCypNO7WTBS0lqr9siA3Q9STEtbe_9uDwbTUVidj3A_Ba8zHS_gvVwgTVRKWFZIwVFjubngLXIrR7auJiLgFugO-OCbkR8mnwIt2HmnowsV01GV8/AlZU-llQQes7CzKt4Wi8hpgny9H71AtjbUCERGyddNw),http://forerunnerventures.com/,"Forerunner Ventures III,Forerunner Ventures II,Forerunner Ventures I",SF Bay Area/Silicon Valley,
Formation 8 hardware fund,ocbzej8xmbplps2qq3kh.png (https://v5.airtableusercontent.com/v3/u/41/41/1748289600000/4tNkTwppbN0sBq9bybWFtg/Dz7kpvjh5ElA6IGuDuc-tQWb2cb-27DMh6sQC6Vp5DbNoSGCKD3C1wg8wFS_Jaeu-7VfOVSigc47J9qx3JLxsg7Qa6hi3QfWPgC1MYFPL8jqkZkeWIrCKg2XwIa_VVgp/ffToL_dtXLaiDPy1nl9rgQ6TVhFVhxCn9cPcNLY9FhA),http://formation8.com/,Formation 8 hardware fund I,SF Bay Area/Silicon Valley,
Founders Circle,squarespace (https://v5.airtableusercontent.com/v3/u/41/41/1748289600000/iOhJGXKKArCIrUSlxGVyqg/bUlUtKFPub-DVktnfmQeBZn_Anvx_hFt-zc8M-0CP7OAwmWVE-cZTQ6SVaPack96pv3C46cWmUTG6kZbB6kjBD-lTanAptAUhdypSESX8VA/-1qvyIxnZJP0x-duCdxFXGf_M3HFKiaEtxI0GmAHrVo),http://www.founderscircle.com/,Founders Circle I,SF Bay Area/Silicon Valley,
Founder Collective,a44614ef903df9d1c336bdc0438fac78.gif (https://v5.airtableusercontent.com/v3/u/41/41/1748289600000/Pfl7HPPEcwEErIlarxobFA/qmDFqfqTzw_rAli_Kg-IAweINl33imzhzHAbSmJQaDsS4uxJ7YQFzWcO81otmSOotqWxnYrfFDRlBgGjrsoUKqp7dlfdjbA-xiBSaZ4k11ocIvCMZmoOZpSzaQJhxLCB/LxRwe8lGao6XiiNNZYnvzDDe4GHPzltWuLXcWxw7ygE),http://foundercollective.com/,Founder Collective II,"""New York, NY"",Boston/Cambridge",
Founders' Co-Op,ccc50d7eee6ec77ec8162ddb01771f59.jpg (https://v5.airtableusercontent.com/v3/u/41/41/1748289600000/l2-ioc9egHgfEU2jZzIquw/OIfAITEQ3eMlINQT4r4HyG1h7vRFPHZ1qLNUj6p_6ItenhiVhh160jiC8lcALDLchslwxrsb6MLs2PX2a9Vu39n0OnszpeIQrxgLeH2Niri5feC86tyAVeWRvEgtA9nz/T7I0tfrUhmCwK3Z45wx14MMD99g9ivtBBvxWtvlV_OI),http://www.founderscoop.com/,Founders' Co-Op II,Seattle,
Freestyle,8335ae4d68906f4fd11012d3ce701f4d.jpg (https://v5.airtableusercontent.com/v3/u/41/41/1748289600000/jqNdk8GNvj7OwWTX7-UQ1A/3xyL_R5Fz1CWfjYy86p0tUhzZVcO1Yb3NOmAoi-GsRlcehfWE7GPrGplwVaEmJoFm1HLBk3OZx4KjtQqwK5EvWTkivmsoTo36Ksc3ppqwsKK2pO_iVILEfwg1SdQXW2m/a1IsLoGt3WqY6UVi6JCAZfXm_oLrSbwRJyA9Yoso6g0),http://freestyle.vc/,"Freestyle III,Freestyle II,Freestyle I",SF Bay Area/Silicon Valley,
Frontline Ventures,863daa91a3ecb96fed179502587ff7a3.png (https://v5.airtableusercontent.com/v3/u/41/41/1748289600000/bskefLWVetJkoZSvldPJWA/GpiUWlvDXpqHrbmkC_2v123toA16-r46IV56-jwipfARo4Eum89WkelSXNC1EnzvawJBCXdiTQxdSzo8fBLyDZhCEIlmtGS_uHwYCblnQN3YgJURX-ME62WevoMcVr7N/Uh3LYWkdAxdPq56pDAozo--SRMgiF0YFhsVvxdvhQxs),http://www.frontline.vc/,Frontline Ventures I,"Dublin,London",
Fuel Capital,ea14b9ed38535f48cf1ce0a63d97c9b5.png (https://v5.airtableusercontent.com/v3/u/41/41/1748289600000/h-vsd6jenJP3PPhD2SdFxw/PjaBZO3ntAJeNLgraO9Rct-RRCihi3kpgJqC9kkEdDb0Zp50rJg-SBY7YonZRYj3FJgknBBqW_qpZkVvggGZEErg_XblYJAiMm015xx7X4CmcTgOQ_WxsKAtSAbM5W_l/YTITdF3TqiRjsGABFgbQRNjMsdhnaZ20D9fRP4tyxQc),http://fuelcapital.com/,Fuel Capital I,SF Bay Area/Silicon Valley,
Golden Venture Partners,37932c068e6b1cfae6922ef0a12b9e3d.jpg (https://v5.airtableusercontent.com/v3/u/41/41/1748289600000/B5r1KSpWgFLnY6w3aVP66Q/2d755oZZtde98fgGUZhNv3kMlun_6yEhhiciB7w0qDuIUTxAoT8TTfDh3bXrf82VDnUUKIPBndIqERo7AkLi7Ya9zMKsNeiasRkjLa8KvmsTfd35Pc5FdwLs0679YIRy/YFU7ocdrRwn2xreHM4iQx2rayoTDdbf7geQDp1FAT3M),http://goldenvp.com/,"Golden Venture Partners II,Golden Venture Partners I",Toronto,
Greenspring Associates,f9efebcb5299d317c2e91cc0601132dc.jpg (https://v5.airtableusercontent.com/v3/u/41/41/1748289600000/PpmY7dpz22EBUTvKNFQCKA/hdVSmzW5gWts8CZ1w0cqtCxaCS52l4NrRtVj5HMQfm6yGzQYgCQBjuwrlXJ6MkNlrintoQ3PPxffeOY6H-Tfrfw-q5uvfEgu_G9xDWHoZB-Mp8cM0Dz2D4UyzQqukKeD/lrYTnh35HM63okVnHPAH0nUBfH7ySJc5VpPeyO04qJQ),http://greenspringassociates.com/,Greenspring Associates II,Baltimore,
Greycroft Partners,qosgi9hdybyph3ulalyr.jpg (https://v5.airtableusercontent.com/v3/u/41/41/1748289600000/1fCsUAsFmHjcCmMjEtDZxw/JC5j0G47dgZZH63ke_Zk_dDrCBzwyopGc38Lb97T7eFasvqpTzvTFZZUJr-ct3yYgRUzizItgMfDDeAzRLR1OSICKnv5NvghxgO1vAePN-OOGRqqsUni9i0LyrExlsNk/lQuNDSnnlaFqIn1yk0vKvRp-ZPPxFSIiiNS6VkaR8kY),http://greycroft.com/,"Greycroft Partners IV,Greycroft Partners I,Greycroft Partners III","""New York, NY"",Los Angeles",
Grove Ventures,vzdbvwxboafxmnlixtza.png (https://v5.airtableusercontent.com/v3/u/41/41/1748289600000/oJvkf4kSSX2u8ky039x-Mw/8g4Cs2-_BYHj5_SHDO8i-nILLZlqkB2hDFvOUqv0Ft1W9QZ8RCu6OJviVgCSwATKI6fHvzgd0W3Dfw8JWCRFCZswdN2e4-yvfeMwMc8kfhpk1lagcNh7l6IhMWqL09V1/t1dt_lKsyWwuQRE2sqUzjOBf_WD5eHNMLqnoYb2wFX4),https://www.grovevc.com/,Grove Ventures I,Tel Aviv Metro Area,
Haystack,jq2bb8trcj82b2qqetzk.png (https://v5.airtableusercontent.com/v3/u/41/41/1748289600000/QzczxewrNpqeAf1P8371MA/ayFSYX2CpwenHfkHYTn1G4UKI5KjAt-6RMnxGOzZ1pkamFtFW67PVciDemGBQsQf8pyAtDxsdUdmz0hhfvkaxO7930HwpEgR_UyOXDFGi_kKA12KxrjoznMGOjWeNT1d/ndiPq_m6HbCZvTHTyMBpD6F_DKh6-ZJTb8tGSQD7KDk),http://blog.semilshah.com/haystack/,Haystack I,SF Bay Area/Silicon Valley,
Homebrew Ventures,011a4fd00c81d5d3b558cbcd54ea9175.png (https://v5.airtableusercontent.com/v3/u/41/41/1748289600000/yWmEJ9HPdP9YG0I0_s8UsA/H9fVD3LCSU-wampm94bQar2cBhkKzPFk1TSo68BlFUOB4VJanX5DXENBgQftKGssJrDKa7tHHu5dMZQkW8E_IUk2Jsx_DWmflhwfeyEt6WRA9CRXNolb3N-hH6VkFOWv/i7_46XrJrG2M28kf15EpNUTEDXOT_bZTRiRCDSLIKNc),http://homebrew.co/,"Homebrew Ventures II,Homebrew Ventures Opp Fund,Homebrew Ventures I",SF Bay Area/Silicon Valley,
Hoxton Ventures,9f082498f7363983d2a06fc02019edf5.png (https://v5.airtableusercontent.com/v3/u/41/41/1748289600000/SHgl1G8SiiIo466kMLguQg/f92FG6aRjZPnV2V1_huJlg5OlPJgbaA7y4Qc2eNL1l0AZkMjaHwJHn8OG9UUpS0IDD3FbhANio6NHLCgfYJc0SOiTH4-vrl4vh5-xcK6O1pqgYo1F_zE3gFhlI1tla1O/v6IflKFHZzFzzbSovkSvT7DrmSt62XnBFd6y9TurvU0),http://www.hoxtonventures.com/,Hoxton Ventures I,London,
HWVP,kivsl3itsep8hkdj1ova.jpg (https://v5.airtableusercontent.com/v3/u/41/41/1748289600000/dd_i1xFYbpVG5Z71JfFtUA/UE62jYKEwSsDAqldd6RCLhGc-ru2C3wZEbKU9QswFlX4swkHLGTu_xffkA5-dTsVpmfltjJemYVrKLYfkKy3p58iYK2_9N2NHKvLSkoSxEBfmlotsgIR8lISTkYhZ3uN/bkhs9Q3WHzF4dPx6PcpjyYtMQ_X82LZeNpvuOzVaZwM),http://www.hwvp.com/,HWVP VII,SF Bay Area/Silicon Valley,
I2A,e8c8d7ba59d1c4120872540cd7e24578.png (https://v5.airtableusercontent.com/v3/u/41/41/1748289600000/kap5CW5ZixfBR_00jlkFjw/OdZWzFLo_XUB72dtnOpie2ly4VD2qCFp1Hk8J6bocmLx-qXUVaTXrBtnhw-T2Ij9qYn0tgRYTF1RmimCiDDaaBItpyYNd78mTv3zomwXOOczKkCdf6qNhgz03JGgDmy7/BiRB61skEPWHGMuPKYMq-UyzWIjlC-FUaDNSp1-Eotg),http://www.i2afund.com/,I2A I,Chicago,
IA Ventures,64e77b7718260da88a1d266ac489c067.png (https://v5.airtableusercontent.com/v3/u/41/41/1748289600000/y0oNFTGsi2zp8jZEp5MUzA/Rfr_rgBQ15v_oOvwaArT4xMAhHlUUAB5a7UzM5T_fQYlNUDIH3QRQjJUK1KczMSx9o5DiKV820t4cgT8sBsux_Sm-33xgrylb_ukyGbc34EbePv9moTgPxZHIRBIu6Tt/dvDJnMLl4jYepvKuJvzNmjcG8s1DThCr0Svcm6RoPUw),http://www.iaventures.com/,IA Ventures III,"""New York, NY""",
IDG Ventures,fjxamor6vmrxit3gamyf.png (https://v5.airtableusercontent.com/v3/u/41/41/1748289600000/BaDMi5e6GRiDSCgbtNTwFA/0bmUidBJ86s61vtagUTEpvOmYg8IfUuhiDBrmCSCtsfKEjIO7u1GlYLf7QwYfLEDL65gAq1fNkF_wiieq8VwqcAJnv0tJNuuWTNQiytWoGXCRSW2_qiH5SPUnwtZJi8M/8t_iKUK3ztLLW13dCAGhN496AV_LO54faxSKzgVuvEE),http://www.idgventures.com/,"IDG Ventures III,IDG Ventures III",SF Bay Area/Silicon Valley,
Ignition Partners,zhqom4fuyc0shgvotv1o.jpg (https://v5.airtableusercontent.com/v3/u/41/41/1748289600000/7zKC700Jv3ogh0fjzo5ndg/QheMEd4maPn1XpvzAPgymjpifT5LrEODbMWkLxS26v_AwpHZTbw4aWCjMIE7-DQK_0QAOzgllwDtwM0w093HqmWHC2hoVy0QeZoDmeURrR53ncONXKz0_ZCajHDUrm4-/Y4C4tn8DYerp2uC0-XTVh8fMFW_HiIruyIQJH20PoQI),http://www.ignitionpartners.com/,Ignition Partners VII,Seattle,
Illuminate,ilap5hkainq4ifevd82r.jpg (https://v5.airtableusercontent.com/v3/u/41/41/1748289600000/Lgo2JsZ0catwVqTN-ZpHkw/QSz-dO-szeKugH8z2HdK3K0Sk_0NN2Km82jM3sg8EWAp98zIaML0LWH7Du8N1N8Hp8ie2uFER2Am6fUgRJVatKYEC8ffFIS2lthUX6OZaiNmNo0k0gGUcY70GdNIeWkT/mS4bNibnjvrkisFV6AcuOjSjXdQGpw-EtCnbkUZEIGo),http://www.illuminate.com/,"Illuminate II,Illuminate I",SF Bay Area/Silicon Valley,
Indie.vc,pniiawnbyqyqtfewhocf.jpg (https://v5.airtableusercontent.com/v3/u/41/41/1748289600000/THtxEy3xxBFmC8CZgRY8sA/3V4ETGr1qO06t2Qhv0O7GboHtddOmAbkFODuZE3jHQRZ907vIuyvJvO53uV18y1fb_6mxh93YDuozMFxnNuoKG50bh5FGuYDGbXL-wdxRXc0yy7mLn-dLD1uIT0aXo4p/aSZm1iCXbOqw81MwkSnPPXAju4g7kkUZmko8n4eL80w),http://www.indie.vc/,Indie.vc II,SF Bay Area/Silicon Valley,
Industry Ventures,74dca227c83f25b9ae7ad6b58a78128c.jpg (https://v5.airtableusercontent.com/v3/u/41/41/1748289600000/C5oz1ZAY771Y1kNsHxsCRw/nXlvc9WBWNstIIY_a3FH6ZMpzWsWx15G7L4-Vg_VW3RbcSeRx8_WvP06caXCbV1TLb9j8XmB7tSd4AZoaGcMsM1Ylw4ItvzHPNUfw0poLl5yey85Q7PUrLJWVpqfxD52/27MYGQmtxJs1WSleh-UPJZ9351YFwaCODqMj_scJVPs),http://www.industryventures.com/,Industry Ventures ,SF Bay Area/Silicon Valley,
Initialized Capital,8c03960061a68afb531387af0412ae5d.gif (https://v5.airtableusercontent.com/v3/u/41/41/1748289600000/5x-2soHYGActPDb3hDuzpg/2n5KGWwVxDdsCdgeNtlJQIWCArEHtVfE6JespDaKmTYpXpOasYsWpWtkLu9n6QsnCpMc9-YJuVLxN2SkVEp2Xg_MNXR_m8RQKQMSOBYcl003QvBfrz5A2ffQQF6d5lL4/HD3BNAQXLHp1cjGTEPNgyhZYYnBrbGm2rsflSWDfwDI),http://www.initialized.co/,"Initialized Capital II,Initialized Capital I",SF Bay Area/Silicon Valley,
iNovia Capital,jbb4c3opd11a6kjjnnap.png (https://v5.airtableusercontent.com/v3/u/41/41/1748289600000/Q_WqO6f91JluJsOceTtIPw/GbhbzNNUMWmLxl-gjH8UeO-WhBDOliRuFdZD2BZIpuofJ4H9ANm5GBK2mbJIcqjrYelw8aeo5f9KH9r8Rv2AMFbve8a3k_yv9WCKaD-OEU4Ynxdv5O7qgeaDApaygXJI/HuiIEIY2oJrDankZjnPbpPFHiagUbp93xqcBiYb_O68),http://www.inovia.vc/,"iNovia Capital III,iNovia Capital IV",Montréal,
Intel Capital Diversity Fund,1adc4cc32d1e1ba5ca2905312a2a80cd.png (https://v5.airtableusercontent.com/v3/u/41/41/1748289600000/sQ0lg4np55I6LO4eybAUyw/BkhrU2hyfx3icJKCyqATkbHWHtXWiaomg7Sd2MBvTuLoiu9ft3L4spiHYYBVnsrdHWXQUagIFdlyZI-IzVkq7v67E1zPLzSXuNgRSCtIBs4kM_nXNLr_vk4ZiVa8OXSJ/JYlWY2KwZf959cj1_6E73IrBamANFT5OWi8IUrBum_o),http://www.intelcapital.com/,Intel Capital Diversity Fund I,SF Bay Area/Silicon Valley,
Inventus Capital Partners,bmpybupg2qdq0cwsrx9b.jpg (https://v5.airtableusercontent.com/v3/u/41/41/1748289600000/9o7zCFqP3t6tvjDX_wiQSQ/BQvzgQYQsoloUu_M5V9bc_dfjxY20L0KBOHKQ-9mPy95lmxW_0oNWmSPU76NN5EozYky128p1W0NNrLQxFTeLIpYy9IPzdann8rnX5j9jSfOBV2UxDo98HV1iJrK_Z3I/jhzfx-qoflmm9f5riAT1eh-DnPBLimIoU7_qE6PBJKI),http://inventuscap.com/,Inventus Capital Partners II,"Bangalore,SF Bay Area/Silicon Valley",
InverSur Capital,256137f4888107fdd19c22902f602264.png (https://v5.airtableusercontent.com/v3/u/41/41/1748289600000/NshKhfRbzqoMx7r7z2eODg/0YpUrk1yuTdk5dtkQKhEsULmPru_x3w8dVgdpnuz1mdkUIxeiNA8ydrQa1MAmuyvm7Rj-bxdGsh1u8JTxyW-PquzpeFtaMh9uY5FPV_b60LmsfMpeoM4OugAa13C0L_j/YydsK8EBaGxP28l4oNK4moU4kK3EWhw0w1_OdXZ7CnU),http://www.inversurcapital.com/,InverSur Capital I,"""Santiago, Chile""",
Javelin Venture Partners,48d13ad55435fb3a8d64cff0c6560046.jpg (https://v5.airtableusercontent.com/v3/u/41/41/1748289600000/LIVEqii83Y_WlEXnT8slFg/T9KFL0J_gm3fVczkHsxDLR5fnTiU9kXj_yklSqFL3mAdQhLlP8VnPXtWp772eD9xNUNevvV8ZolUP7uBP8M04bm2vtq6xNh0bPCV8zvLoCsUuPffxwL5on9EB9b82MdW/lJwCmFNPMIbh4MtpEDRWffixQFY8HA9yhtg2WXvqnoA),http://javelinvp.com/,Javelin Venture Partners III,SF Bay Area/Silicon Valley,
K9 Ventures,646950dfbc82b048075fa623a57def19.png (https://v5.airtableusercontent.com/v3/u/41/41/1748289600000/LzB4U8s3Tth0NMylio24Lg/xRp-6JAgQxyzJQby2c7fzKArTMuzd90QDfoffclH9JdI554uqcOL-zh18KKiAmaZ3axfP5YdxWuWH9O0cx6vXPizvvZjGqoddpldwP7fQynRxeva6WsmwkYtQJQh_6Q7/SNOt0JbADpPdtsZ2gkSj8nJGDJB7h_DcM5mz0rE_GCY),http://www.k9ventures.com/,K9 Ventures II,SF Bay Area/Silicon Valley,
Karlani Capital,k2chv58vavf8bi2sei92.png (https://v5.airtableusercontent.com/v3/u/41/41/1748289600000/dV0L9Z6o2Whqfvx4B15N7Q/8Gk6MTvpQDUuU_7qFWP2YjIq0av89Z_-oDP0HkJBrMLY_JaM4Ish6uh4UEKiE1ESUgmkEoZikF8_rkC777fAMo7ujELiIVOmJl1lziK8K2QSTGrZPI1WeVrU4T0mUfA8/mfDK1j2z98f6tRIF84BWBiMN_m1R3p1za1-T5F406Qc),http://karlani.com/,Karlani Capital I,"""New York, NY""",
KaszeK Ventures,bd617fcb83e213820398cc481c83ad72.gif (https://v5.airtableusercontent.com/v3/u/41/41/1748289600000/_FA3o1sl5bymviJRGDk9ig/e3aKZ-9KojtB-PbmmKePCdG6GqfCDTqxLkj_s9ySQhdaJLvPb3aL_NSAJHsA_zcY23Kb5NE8c4pDLdpsdLnnXSP3rrQD1aO6XBn0kod53ncO8crd7nzn4m6puYOcACJa/x1hAHXqGgwHWDs8fNM4nG0-lrF_74VDQ9LgH7ndb6Yc),http://www.kaszek.com/,KaszeK Ventures II,"Buenos Aires,São Paulo",
KEC Ventures,4abb0ca24b9df94b9d1ac87e63cfba8a.png (https://v5.airtableusercontent.com/v3/u/41/41/1748289600000/DEh5Q3f-_IEp_3rn8xv0NQ/ew_pWKNdZBLN08UFRSGKqYbVFgeLBGq5TpA1ELKT-k_5YFkubQQ7U_5e12afL7mGBT3z8KOBjCY6b6Upbb9hIUwDurZXjj1o7q9z2KRO164TdNOK_xwcZnxzeMbZyGq7/GuP8xO_Dcuv6c6g0P7nuGArjIiFtjtF57gqwlGG46mM),http://kecventures.com/,KEC Ventures II,"""New York, NY""",
Kibo Ventures,da645016a54b70ce7f8c0b79fa414e78.jpg (https://v5.airtableusercontent.com/v3/u/41/41/1748289600000/THdIGlR8W586AqC9pfI8WA/tDeyQlxLsHxJ_9QLdh8blnKewwI1Wz93P8qcw1kSQMlgnB6WYlQb-ZVWImwKMBnO3nJWp3kvw1o6eeBIK5v4XwE7vf2gAZCvR8RS8hovAhnuX5ZBvRnQqI0zGioMsYKt/FaOB5I_dd899SUjf2lk2mK9CtKi7FdtPC7yulPwN_Tc),http://www.kiboventures.com/,Kibo Ventures I,Madrid,
Kickstart Seed Fund,e97126e4838bd992062880649eb235df.png (https://v5.airtableusercontent.com/v3/u/41/41/1748289600000/MYlY71x5xx5T1PLeZUGxEw/vrxpFReaP1s1fb5s_Z-fpKRYS6b1Oe7_BqyjSIfbNnXrUWgjwSpiE8DrKCgjYwO9Pn9aopYJ7KreqakiqLTd20oNvI4XYUtqSayteDGuY7XaMXmd5bOUFcx5yv_vKr8L/Jpi4b0z3_HNvvB-4A-8GYWARaEG5DxqVsnzEYjgpz3o),http://kickstartfund.com/,"Kickstart Seed Fund II,Kickstart Seed Fund III","""Salt Lake City, UT""",
Learn Capital,49d31b1b0d417012426260773e44c5e5.jpg (https://v5.airtableusercontent.com/v3/u/41/41/1748289600000/QeZSAY-On1S5vjFEWPowwQ/C29rKJG2cmfTG_fSTXrzs6NGCdbMXIL9fs4HVsmtLx4-hoYwSampfN3FmOMlEZbV8FZLUik9LVjPX2MmOup6cxm_I2c1MVSLRCh5fMDtvPl1Fu1Z_lFYEuDZkXkbXuvC/inVyeb67VIv3ovo-Y2nF3zacHxNGMJGJyEg1qUQ5TV4),http://www.learncapital.com/,Learn Capital I,SF Bay Area/Silicon Valley,
Lemnos Labs,60cac8a2ff6e6abfbd94a6aa68ae7e5b.png (https://v5.airtableusercontent.com/v3/u/41/41/1748289600000/tp7V2gHRAVyvoBD35mCVCQ/CIHHOEhTTVwCLBJWJ_CYY_m_b-ylE1ZrvfLRYX6ely0wIVZCliK030m5zUbQmt4TgwD3ILVC36qXJSfBDpldgee_FtU7S9mmF9qMSy79fZ_mJQx3QXx2NDHbC_Bof7Sr/KbUF6MSxS5JGBomCi1pfwRXdH6gstWwnxelJBigqpag),http://lemnoslabs.com/,Lemnos Labs I,SF Bay Area/Silicon Valley,
Lerer Hippeau Ventures,yrkkz00ld3njtvocf6fq.png (https://v5.airtableusercontent.com/v3/u/41/41/1748289600000/VDQLwgKM8v0USCeSu163Ow/LoivyZ8Vy0TQEv0KAtc4kEPAQ604jz4jfoDAU3hCHyJWnjQQlt41cwNi5dH0TcJ62Tuv9FthJFjA-QLvb1zpJNBilI2QLfegP06UFv3bqH96Yl6jFYW_lfaKm4OE9FHa/SqwrLLIH-ZBCyNglpXP2VGD9E5aEPcb1rB3M6xbvA4w),http://www.lererhippeau.com/,"Lerer Hippeau Ventures V,Lerer Hippeau Ventures IV,Lerer Hippeau Ventures III","""New York, NY""",
Lightstone Ventures,30c24637505b9b68ae412cbd66c1afe1.jpg (https://v5.airtableusercontent.com/v3/u/41/41/1748289600000/C2vWSMFjQ8bVijLaa2fbrw/4u0Q3NUeF7CL9HlNkXrRtMd9dYK1CsLCkwsnlf-ZlkOduu6bptje_rDy2XtISrCMstKQsKPr6YHpbLhbmk9RRA0P8HVXtyrvk5IeegV464B4m3tLYh82-sIxiLOBf4zi/Ton4GEQFfXnR1Wkv-WhIlKL6kZohniUIqXsm1l0mWNo),http://lightstonevc.com/,Lightstone Ventures I,SF Bay Area/Silicon Valley,
Line (JV with Collaborative Fund),93db4f1192e705e85828dfb305ab1b8d.jpg (https://v5.airtableusercontent.com/v3/u/41/41/1748289600000/EWvhyyxmXbfm2E0m7luM8w/QY0NqPYnhuqR5hp0Bhcdwds6TDbjMJdre6RZ4V4AvPLw433eWY9I9BzlOEXus3guDEyudEQivDc0dt8XzQpfswUnaCdiVTvwGTkv7hwpiWifyueEY-5CyuxcdWHWmqMc/pC1bPpn_L-EcL4mb29oozqgB-Se94vEc39XKiazXZ1M),http://www.collaborativefund.com/,Line (JV with Collaborative Fund) I,"""New York, NY""",
LionBird,v82flvkeusvudsa2ajzx.png (https://v5.airtableusercontent.com/v3/u/41/41/1748289600000/v_IKd_iNXhhxguFbgYgyPA/MJ_DMF2tvmikXzpzIg32vxrthb7zW0lbVl5uwrbRCe5y_hqI4FqOWuJjLGuOQHk1pXKAvhak6c_KWujyCipR6oxCwwOpbX9q4MWWqDJ6YvMXX-Vjzx9FKFkjh-1UrMJ5/hmmqTuW838npYXQpKeSMvI_ybuH5VHW2nYJZpGa9Sxw),http://lionbird.com/,LionBird I,Tel Aviv Metro Area,
Liquid 2 Ventures,707711-0d251ac9ac046fcaf6e12419d851c6e0-thumb_jpg.jpg (https://v5.airtableusercontent.com/v3/u/41/41/1748289600000/iyIukCNLw8Q2jU5BnjkD1Q/XSNAAQSNXjNg8BB_LU1A2xKZ3BGL6rw0UX2e04iZrkWlZ-_kh6Ffea4XpH0EWyjHlizvznwBWKuVPFvPuw3K7dW2JAm9VHAv4tiVwdZrI9rb4PPJ3z2cKyMK63RqjfqiZAYeFaL4QFsRadXDut5bzA/rfLD1sMsDmlc0MJtYJIncMqml1ZibCGycOOUp4NHlK4),http://liquid2.vc/,Liquid 2 Ventures II,SF Bay Area/Silicon Valley,
LiveOak Ventures Partners,9d301242916cd33be3e4e0b74d4c4efe.jpg (https://v5.airtableusercontent.com/v3/u/41/41/1748289600000/1qkA1lkU7NGJdJL38IK29A/XNfbzueBpFq9IiMaUFpEDMI0vbFEvgppQ0rQ4KvQOe11jtTDk1MvEXZre38sSzZr07G2K9BcBoRf8Vz_lb_y5dT6ddQl9I32HQHVaD0DT6FH2-l7aMtev7xmDLegmtWo/ngLXk34zSOwNWn6aqG12HD-A3eIGWbmV0nKx8JPaoGQ),http://liveoakvp.com/,LiveOak Ventures Partners I,Austin,
Long Ventures Partners,,,Long Ventures Partners I,SF Bay Area/Silicon Valley,
Lowercase,o5sp9vj2ftnyj55m2ofx.png (https://v5.airtableusercontent.com/v3/u/41/41/1748289600000/-QCxCpDhD4fbBYEHbhMWZA/Q-c2bT1ffNNsVkX_YiCCiH4EYcHdSQ12F5OuPYHYs9QrlVsON5Xwxi5whyoJ6erhz-DCcpL61SAjsTZaztSDQ6Z8nW9bdkcj4TYiZ8pZMOhDePIbuLDagSzCitaxN5-n/KCIyffrg4oBsZ_diGBQ9zATAYskbyQseCD46fLGXFjw),http://lowercasecapital.com/,Lowercase III,Los Angeles,
Ludlow Ventures,htxfx3gafwntsn6mbsqb.jpg (https://v5.airtableusercontent.com/v3/u/41/41/1748289600000/ufuO_kDuaBquG0KXeE4uDA/8ERDTDimBLrSNPGCK7dA9Zy42mdGNPIH5q4qBtAefVcXjEV7yXs_mt7bjZekt68j5z41zjpT9auDcyUshx6QJMrdlwqEQxeu8f0iLc0lGoChH3vZWX7ljvXJIWVRPgNB/I4YnkbxI136iVReA1cLmYG2YjR6d9YKKtv0G-NxeCoQ),http://www.ludlowventures.com/,"Ludlow Ventures I,Ludlow Ventures I",Detroit,
Magma Venture Partners,2bf3f9b3b1091f6797b69533d0cac108.jpg (https://v5.airtableusercontent.com/v3/u/41/41/1748289600000/DfBXEvWnPBEKqnhdvV3PAQ/R26t5MYAaxhbLx1_qQkElcaOGedwG6swhKfMYp_gWZ4Wumkd8JHY6P5pZCwW9r4DD1LkJV4MDJToE_6lp030C3BRhIZg3pjDDxRd8RkKmmJJgTVebm5tFc8SoiCeyFbT/rKvCHPcTuYB4UitsM3C4NVMqlBSKhxDCAOhBErWBUYk),http://www.magmavc.com/,Magma Venture Partners IV,Tel Aviv Metro Area,
Maiden Lane,qekbnor9skdxb6hamta4.png (https://v5.airtableusercontent.com/v3/u/41/41/1748289600000/6DdgV10D8et6WsMGZFnFzg/GVFxpag_ZGmyEa0AoJwf9BmSKTvbJhTRPTdOIu6qCJlme5nVU-nLXA4o_rsmfaDrqxZI1D-GU4JjelNMY9PwquT8cQCzfMuURLOZf8rLSWtEKe3Tq2nBcG1MZkGWsmtj/vUyE7KLR8w3TopCXvjY0tilmLsfGiGBxFFuX4sjQYa4),http://maidenlane.com/,Maiden Lane I,SF Bay Area/Silicon Valley,
MentorTech Ventures,d7bncikxsufassvulqnc.jpg (https://v5.airtableusercontent.com/v3/u/41/41/1748289600000/q1EZQSimcXKKX8u2H6a7mw/SeOCNuGUdLCRzzEMNjJbklNg65Y_qBK0nykNE3dAZA78X0d8hhHFf1uWEZOQVuX_qhTvrVufnbChz2HTaw73EeQavxb2eFSTPtK3c4UKSjMDpCva36yWfqwdDLjjqUui/jxvnhC99SF-FTKFVP4L9iz6c0eTuXXU4EL2pg2f0vC0),http://www.mentortechventures.com/,MentorTech Ventures III,Philadelphia,
Mercato Partners,14c45fa7e7042d73669feb6cb6a34c78.png (https://v5.airtableusercontent.com/v3/u/41/41/1748289600000/zFa3nwM7XIJmvKZexV0aJQ/dqn7meW-E_aueCE7wgbBPuyW9v45hxzuM5Ju1lboBamMqUlefFw7X7se3olWD7rRtHzZwqMpitg1QxJrE9aPbtLXQOyOPUE6fsagEyLr-FKzwQvJ6jaVV5Jxq7yWxypu/g-Ej-40j0kowI60wRVav4f4QIuEI9YAr-Qjr1vOGLOg),http://www.mercatopartners.com/,Mercato Partners II,"""Salt Lake City, UT""",
Merus Capital,k1vkvayhrvyb9sj4g67m.png (https://v5.airtableusercontent.com/v3/u/41/41/1748289600000/XIawJC2R6s9AxUFs3X-H-A/1q8iNdEfiRdpjyaazAnZmlOtSfXBlQoefwhY0KJ4ZSweLAwFMfCqP9HMdmakBx3BQESy0CW7vRfJx_0UCudwEYlhK0NWBLIqiD69wJtfKUxnPsb2VDMzSAZDjUQYICt_/Rb-DcBNT_Y-azoXwCl_bwETNieAqf6AqSuPRhLR8Roc),http://www.meruscap.com/,"Merus Capital II,Merus Capital II",SF Bay Area/Silicon Valley,
MESA+,ko8froscpgzwrhcycumr.png (https://v5.airtableusercontent.com/v3/u/41/41/1748289600000/kw1JI3s88pfs0tI2MmVubw/dxqX_a5V6vADgElCDwVjEIqueO-PnjEk2nW9dMWr46v-ejL8lYRgToKpMl2_JzFsIaQmsyD_MGDu_8W7r1ieUcVHTWC8U7CLK-zQyW0SCDdVmapfmGH-T3FKaEBXiSIA/W80Ci9t1wdWHEvKhTxL5UB6z2lcrJtA7a4kcttzehrw),http://www.mesa.vc/,MESA+ I,"""New York, NY""",
Metamorphic Ventures,,,Metamorphic Ventures II,SF Bay Area/Silicon Valley,See: Compound
MHS Capital,73921d89300aa788bdd79b1348fed802.png (https://v5.airtableusercontent.com/v3/u/41/41/1748289600000/kaHgRY7hW64n3C-7wYljpQ/lrH1mAIezlY8nt6FLLrwKBh60pUO2CVLvSOVtc2U71OvcyHzhjoTWYPjkuhVAGlQXBkp09Kyu-gYAUW4LeZFevO9rbcvfEfjiZKS44IqITTpWbjpZ0iEgXMabKS3JQC2/abMizgrT3N8IfVfvRz9pB1wS2YYdagK8A2AWZbM-rzo),http://www.mhscapital.com/,MHS Capital II,SF Bay Area/Silicon Valley,
MissionOG,vdrgjcsoziwnrjdl9nyy.png (https://v5.airtableusercontent.com/v3/u/41/41/1748289600000/I4aXNpdlUzJBI_mynYYJTQ/I-V5ZOILJuHQK4hMC1Kka0Wrz-JOEdLQD9x4gxPT85Cup2m3uj6S-Ol8MURPl3Vj8lr7LequeGRiUYU2EHkxWebyto1gn3pJsqH6JAfFN1yiWTcELN754kDU47X7pBrr/k4HnxtnzWL6lw7IohWHghwdgjZoTF_qg0XOLLNbDub8),http://www.missionog.com/,MissionOG I,Philadelphia,
Moneta Ventures,wonohuupyif1jsyjkowr.png (https://v5.airtableusercontent.com/v3/u/41/41/1748289600000/DM5xJw6mr73PGvSEO7riqQ/C1X61WxfBcuY7UNnAxeH56vtAYxd7l5VWzk1c93e--6pJQ-3aX0f5oZXZ-nMxI3F2AQ5GIgudfb8OBVVMMKZLQnmhdBzv9NCuprRDqB-EQSsgVXgA3E0tqR7Ajh5BYuj/k1pOPz3XWoKjOgMKBAIaFDMbEsv1-9KHhOx8fydmlD4),http://www.monetaventures.com/,"Moneta Ventures II,Moneta Ventures I","""Sacramento, CA""",
Mosaic Ventures,ghwfuxu8zrotqrlkuk3f.png (https://v5.airtableusercontent.com/v3/u/41/41/1748289600000/un9FfKDoPplwkkaygbz4zA/LZcucYlYNsw3UmvW8mix3oRulNOiNksgfXMY2mliHQBSXkYNdSCbg4gLWmfmiXXbg1Jm9253jLVfgxsCxQwPsP3-ZXz0UH7i7u2E1IvrJJEazKdbhRGCjeVkXMTfb8mm/-SraVjSNBcD9ug8PhusionxWxaIYihJwdax8Ks02H74),http://www.mosaicventures.com/,Mosaic Ventures I,London,
Mucker Capital,pkfzm1c7kyfkrpi4xhuc.png (https://v5.airtableusercontent.com/v3/u/41/41/1748289600000/to2jgIA9DEjpMzTFLotyBA/HOYphHOhHw_8_6UMHdoKYNBM-xg6Xt-6rrXLkAm1qEo9dDVGH-qK6DZyJeuoIVQF_cZIOVR4vnfeGtXOanLq2-78-L96UiUXcTYXzbXff1i4mSrUXv6wq2CV6CV8ivVm/0fBCdCRgYn3EVoXX7-Nsj3E46gvGO64kEWssDTxUkUU),http://www.muckercapital.com/,Mucker Capital III,Los Angeles,
MuckerLab,qxvkrl6xsngj9amcvg5j.png (https://v5.airtableusercontent.com/v3/u/41/41/1748289600000/zipq45Hvnl8EbYDzfGuviA/ylfKOmJ1K2wptR33wu8lsjw_JiaKBhHqD0RpriuyYtzArajM2uxNpP8jnB34JRt1eLacKreqrNVfzZRiS-SnRJgCuXDEmiqwyTGLa3LgLHj4oZWsSpB3tWBof_ZOWmzG/TUlzkVYcga5LkHybzKrnjRnsY1mk-xDhkvHDMmApvlg),http://www.muckercapital.com/muckerlab/about/,MuckerLab I,Los Angeles,
NextView Ventures,hmwrhbyjp7gsxuwirwno.png (https://v5.airtableusercontent.com/v3/u/41/41/1748289600000/rGLRHllqVKZ6pAXZ5z_lfw/qT7kXuy2pTlDdHEUeagvCJC4P4B_PLj0I-u34Sw4hTJKJfd9hkYQz3uFz5R2jWRPj6QGNzbK0AxSeBb9yYG7_WbcvKjF7CEq9za8LEOHYV4VlYLbHLmbpE5hPfixKimj/S0S15fgo_DysT-AdCyTNMFeNX_KpDMjbY3lW55XFUbs),http://www.nextviewventures.com/,"NextView Ventures II,NextView Ventures I","Boston/Cambridge,""New York, NY""",
Noro-Moseley Partners,50cd8e98ace94d8815fc8f7094dd204d.gif (https://v5.airtableusercontent.com/v3/u/41/41/1748289600000/zf8mQzi6ClHCvq1Q97N2rA/t4LKQLiqTPIgLsdCy3eEowP3npU0CJMwFAY5sbUf2dY8pYzP7y_EYzvBI_2LKIiqeSS9vYWFVs4cq7QajkKZEVFdojAr17T9V9Ld-GaHlWd8VNybgRUy6biNXlqFGcKF/J1m3Zqrrq4djAulOJSJcFrPD92jAj92keGohACphomA),http://www.noromoseley.com/,Noro-Moseley Partners VII,Atlanta,
Notation Capital,cy68j5qcibhroqkobjdy.png (https://v5.airtableusercontent.com/v3/u/41/41/1748289600000/rDxRjvQJYzxLIsZvUr1e1Q/QWxIa3pHL618W68dAyahymrLXStikjprRDc_OpKEgOahC2OH5Ht0qlKgNoAhJzQ9Er_-C6px_S1oH8WkYuOWFUqxkR4NsITWLcSc2SbPb_0sdngOjgMea-UTsPjpv3-U/Ytm8D4v6PLNqVRDQevJHsbqMG37UJgbt1lHJe01EpMw),http://notationcapital.com/,Notation Capital I,"""New York, NY""",
Nova Founders Capital,xyv2qhk47uu864d6gomz.bmp (https://v5.airtableusercontent.com/v3/u/41/41/1748289600000/uPIQaAg11RNWMoGVG3OCsA/tZnNgo2KEBmGjofNmXhjJSHVyYnHy_pihgr6Ymb1ODNC8oedQuGDTGn2-NvVM-WWh44KjZHGXEU_MTiuv1_REc7tvP5ZADHbqxzy2oYyg55rFmk26Z2D2m4-YqXYOAYd/0JSIefXdibRzLbV6y9yCut6juT_ffewG9YqA3TiL4wo),http://www.novafounders.com/,Nova Founders Capital I,Hong Kong,
Naya Ventures,9f96f49e35ac706871c1557a1d7d725b.jpg (https://v5.airtableusercontent.com/v3/u/41/41/1748289600000/xXSxJcIyuB88G956FlFdZQ/lEOpTlJ3NHRTOAWzELA0n6ZYmt2A_CQCr2kFastLj8zDYttBRMb1imSr3TfzEvOpr7EQVGDxbPoPCiooXR0icfviGea5e34rliDGxRTrGQ453rxmPbOHyFNKIwzxI5yX/EPdjFPwnwrNUTGtB8i8DOUbfB07Lwyjm2HaTjEM3rWY),http://www.nayaventures.com/,Naya Ventures I,"Seattle,Dallas,Hyderabad",
O'Reilly AlphaTech Ventures (OATV),vjrribzwu9avhsv7w1xd.png (https://v5.airtableusercontent.com/v3/u/41/41/1748289600000/iYKS5Aea2n1a8-G6shSrVw/jv3XOFsDmr7tX_iFuieA4ax1vDZcSc4Mh9fDs0LnMHGdtdNFSI7Topx5-UTMbA3_Q5Hhj3nujoeTGA-1f4d-NvHHNpxwiPhL33tIGZc-1-EqWtAAH1zRlkSmweT0rfaL/qWNURXcRggcm_J1Io2b_RIzourDwa35pn1kZL7p9gS8),http://www.oatv.com/,O'Reilly AlphaTech Ventures (OATV) III,SF Bay Area/Silicon Valley,
Obvious Ventures,qpbhuntylidoa9lzmrd2.png (https://v5.airtableusercontent.com/v3/u/41/41/1748289600000/QVAusBl7HAoVC4rQj-W0yA/1kIrZ9XwvoM1J8Con6PEwxAvOkRZcMF56UpXiT7aXODoMjFs3qTbe5XiHA3v3wdKuTlap41mYc8z6g3NHjpAOtyPO7YQ7NlrAJ-IwHB_L2cwiCVW2MTZF-IHXu5dEGcc/wwJE4HrpFHwtgzZ3zfLuNygMC8NujqzGvt749G-2d5A),http://www.obvious.com/,Obvious Ventures I,SF Bay Area/Silicon Valley,
Okapi Ventures,e8877bd3ac8c99a0bbb6a684ee0175fe.jpg (https://v5.airtableusercontent.com/v3/u/41/41/1748289600000/IKgBYoDLg1dtBarJZBy2YQ/nGnWV6VjNRV1jKyzoxnA9OolMFcX2zAAv5JD3JDAMrtoSlHbGVtp2ik_k_MgBBW63SVsvARLprl6AtLmXWPgKaPPkVwKzKDYEqTBAX9kAqG4yo6zBIv2qgCp6Ff6DhG0/dIlVMgzPgvVWtNb_Q5UdTJ5LoC_kqrqDl95stkwUOpw),http://www.okapivc.com/,Okapi Ventures II,Los Angeles,
OpenOcean,tdfqb45xc7fdgcvcloay.png (https://v5.airtableusercontent.com/v3/u/41/41/1748289600000/9N_WeOhP_rOqjKw8NovRrA/2nTuIr1R8U4zntcNEgx3P2V8zjbUDbDk6LDZC4G44DGUU3Py8PXOo6z_ny1mjZiwdJ22J-PcZSPrbfLhs7uRwYCWDno8lLCsqZkrd1E7InNKDPcARRJGZ7uj2UVAW-oj/y49pRmAUeVzjM_MXY7XaMpFvki00oKBecOEDdhjhvLE),http://www.openocean.vc/,OpenOcean I,Helsinki,
OpenView,lrlk66iawygb25bcybq2.png (https://v5.airtableusercontent.com/v3/u/41/41/1748289600000/0PhgI3rJpDLYXSrtop18Gg/zoi8qOjyZSwOn3EJUGKTFU4M00Zqa9zb-zK9gkd85_VVGaTfjdP2OSXVdfzT7hrPWboe9dj1CazAGE5CQnZc57dnYYTzyDWjxLSFXTBqelDJBsKH760UafK7QiPB6rc_/0PooWD1a9W76vfa_qiK461PQqyxSNnHzAFnZj4LGM5w),http://www.openviewpartners.com/,OpenView III,Boston/Cambridge,
OS Fund,txz83w5qkkp08p6v4oeo.png (https://v5.airtableusercontent.com/v3/u/41/41/1748289600000/A8JIrt8sle_0jeLfWC8FZg/cy4C1RwBa4o5bsd650gAeytpFYjsxJmmoDG9zH82Kv5Bq1jTUeplfUx1X1ZTr7Bdk19K-7stFiNlaUigrMfB7PjgGm_Gp0riegUlVIBSt1tZANfHeKGmuFHYo2q-OqBP/vky_vWxKnS1ZTUS_yJ0sKhwpsORs3iOUUK6blCiir0U),http://osfund.co/,OS Fund I,"""Washington, D.C.""",
Passion Capital,usoch7rjz7nxck5dsrbl.png (https://v5.airtableusercontent.com/v3/u/41/41/1748289600000/kcUtP7aGwNlORwbFmKxjUA/9iL_ppYFwAm_IWoXazPrTEyovuOa37vbdYEqpmCFibKZc_ezhu0GQcCXxgEkQc9UwEal34px_Nb3bZnSRGF5AtGIcufAQRqB5M_XRoWsSccTpLHM83FJrFIjncpBvKto/EqpfJBiPAKdeK3m3wktB4y2KYa7xP4RF-DC6Ceycl98),http://passioncapital.com/,"Passion Capital II,Passion Capital I",London,
Peak Ventures,osz1kmshht7jjs01swbd.jpg (https://v5.airtableusercontent.com/v3/u/41/41/1748289600000/facutMPnqY6h0a07BlHr0Q/dDhWCG1Zw3WjWgJJDwNJN6r75C10HqnUB00uLUgkeVQnfVuRigTgAavEjQeq_Ge38ZK4h_BOhRBRxv8NgYZXWJaqySzsyOFz3Hvsonpf_44ErTtaMmC1J5AdqHFVf8qn/O-SlsxzAUlYnJFmu5DCgksjYwp9c4xsHXwRV_zCXYio),http://peakventures.vc/,Peak Ventures I,"""Provo, UT""",
Pear,divo6dyu5rzscvyrbbdl.png (https://v5.airtableusercontent.com/v3/u/41/41/1748289600000/Rn9nj6Sf72f83YL_J9JWQA/It34BMl-wv0GAwC12o8pK4z-zOLqHE_eyGT7-jDWKHBhPS4hXWT2Ya8Nv12duarFeiwTvHSaPql6y4TNuqGWUUJ2JKS9h64BRyLnshlstO3FGbxmQGM23tSFVct6VAuw/70Shsvrt5L5Uog7cABf_FO1oIlf_fWltb2pxOTeaBHs),http://www.pear.vc/,Pear II,SF Bay Area/Silicon Valley,
Pejman Mar Ventures,,,Pejman Mar Ventures I,SF Bay Area/Silicon Valley,See: Pear
Pelion Venture Partners,c01cda23b1c8153e87bc37b324ec5fec.jpg (https://v5.airtableusercontent.com/v3/u/41/41/1748289600000/A8ELv259970TVjaJTNyHdQ/TI1uhtNlIRG-3GqMzi3L66wpVJqhlAT9vI8x7EXREe5lAvYswngZSx4B2JS5h_RWZwizZXMoMjH2Rf6rN9BPLuBKxcNz1YLD14rbZm5vglXPa19WA5mWDAFgmQiTmKVE/v2vDY_AmsZbt10aU_0DIaZydGLDQ_mQcWFD-kAYOAZM),http://pelionvp.com/,Pelion Venture Partners V,"""Salt Lake City, UT""",
PivotNorth Capital,b2563a9094876f6fa66dd9e735880862.png (https://v5.airtableusercontent.com/v3/u/41/41/1748289600000/L-fAgPn37uKoVmaRyuLC6g/iOsYoQ7IctsfqsYugSz3IcV936XPMUu-Lz2NtAjI9nGOYuCpHdWbIPuhHsQ0InF_Ce8PknFJg8yeq7LrUm6AQ_kEfM3RHIEAHnlXBz6-l96XaOSYHBtF2JDfuCi8PR1L/LLF_zNVPVEMNwkFg6VCPFEuVlcZS3tKvxhg5AAuIgHo),http://www.pivotnorth.com/,"PivotNorth Capital II,PivotNorth Capital I",SF Bay Area/Silicon Valley,
Playground Global,ob3kf09bbiqjrxltswko.png (https://v5.airtableusercontent.com/v3/u/41/41/1748289600000/5UyYkrAYktV3plEdybG2aA/H09d9rB914XiBRZFWnjHHjyo4hgAqyJvRjFp_Z0La9JdRZThrZPaFyEgzcQJEB3o538hj6VZtQLNZDAcmZVjLxBWDtR5nXEQl0QshAc-jVq_UKpwDs-JgXt03d4aUzx8/RJa42aFt1vbhcGz1mkrkzKNi130ZUlj35VSvzLGFjUg),http://playground.global/,Playground Global I,SF Bay Area/Silicon Valley,
Point Nine Capital,jtgnu1jvkrf8ydy4y5nt.png (https://v5.airtableusercontent.com/v3/u/41/41/1748289600000/aLtdxmMSVz43vjiK1FbyOw/pTDih7I1IzYejvrmi6NGC8Py5SLE3tw6kWOuMEXuCHunc4-je0Ebrya0R47cTxLK91hvTEeaE0O15kg1b2N0qk3tWdh_4cOINHTj98-4TbL5mhsZr_jJ7E5qogunj7vA/c5izIBZf7yEsCYuLEgC1FXZhLpvpC5al6Gq4Nlll7ts),http://www.pointninecap.com/,Point Nine Capital II,Berlin,
PowerFund,,,PowerFund II,"""Boulder, CO""",
Precursor Ventures,nf3opil6xjv3nz5zlg78.png (https://v5.airtableusercontent.com/v3/u/41/41/1748289600000/V6qIh5TvaVV4Y3IOBvteDg/wnyQhKifSdv_DYSY6uPmfXtT_uKfBzNjg4nMM5ZUWhSYZkz3YSVqZmp04XfsUyJbzPcsQJEu7OcDSURqaNC3SNbISjey40jysoZmE5QNLNwjosh45MtF57e1Y_lD5eK4/q1Dn572Ofi_3SdwooFLUgoIVqxagdpmnpJVFGWFi7ng),https://angel.co/precursor-ventures,Precursor Ventures I,SF Bay Area/Silicon Valley,
Primary Venture Partners,ahekqihowyaphit87vnp.png (https://v5.airtableusercontent.com/v3/u/41/41/1748289600000/X8S2v-YrYXWpAwuGWAgWqw/J9tbf9Tma5eXijsfNQFA-b7-Pm1Joy36vnBwq4BKb5tUy82IyATyO1aB62v6OHWm_de6_aSf-mostkUsh2uKZuYgOpxff0bmpf_BEInzZmUl1DbADXIT-0iV2Dg185O7/slGBjHbB1z-5kcpfk21n4EzRr70tcAsoN-6vfb6UhWg),http://www.primary.vc/,Primary Venture Partners III,"""New York, NY""",
Progress Ventures,aks303m7hhgmjbdpfsy7.png (https://v5.airtableusercontent.com/v3/u/41/41/1748289600000/LN-71Aj0ZsctQXb4bI6Xiw/Mktp-OL7bpytv1vHz2WyngWb0FZM-Ck9qHTGPeDQRNZgeIrzcvvn4RzzTW7pw_BHLo-ZWVxd9tXGKKC0ZSnj8kO6s8Ch4IxeCBlzOMfOL2uHYsF1ZovJQb5xK-VDpT7i/gTHQOTUfcDG40rFNjRGb1QRZswKuwyoNhQexBZEvsN4),http://www.progressventures.com/,Progress Ventures III,Boston/Cambridge,
Raptor Ventures,3c0043241b9933e819d69ba5afa0317c.jpg (https://v5.airtableusercontent.com/v3/u/41/41/1748289600000/wTn3s5gBkne7eRnmW9S7ew/WBzQr26MCaVzleeX6HBQeu1Hfinek0w_Cy6S4EsNupowugJstvmL5qf3oq-3LGpyi7ZiKsGxXT_J0LZJPjUBqy2D0V2ATm4xTyzxxRbMqmol072HMK2y3VIMnE82bPKe/vClfR8p28iAIbgThwq-teaRZLHpOKdpOKdKY1_LLWGM),http://www.raptorventures.com/,Raptor Ventures I,"""New York, NY""",
Reach Capital,ej9h46eolyuczsiguqjm.jpg (https://v5.airtableusercontent.com/v3/u/41/41/1748289600000/PfZFMTaXWfzFVSwY7CP5qg/AgA4c0r1HR1xG7DsDRCjE1gMBOWbsEbwl43kM0Y4PJicakTLTF01UpEy9fpW3x6WeHwNAPL0DZVAhEpSj7_UZUM10yW4G5ltR7ESe6asklRFoycOg-5SLxoCW67aXpXo/zR_lFTXZuiec2Frv2dA8ARQHPBzP6FxduLuJkarKdwI),http://reachcap.com/,Reach Capital I,SF Bay Area/Silicon Valley,
Real Ventures,u09q6sus2p8wzhxjbppj.png (https://v5.airtableusercontent.com/v3/u/41/41/1748289600000/HAXjAFCi58QHXkIRJh9Bug/mzJkPa3BdNSTzPjl57CPUknxwjkwBvFqSGM8RsihBqShaySFaHnU9yhOcsuEqiJODqfkqtR9RbzXpl3D8IHwfW07JBvdQFzsdwosJ_CWJugPQsY2E4cgSbhhAWeV8fZ8/FBAytCKRS3nigLRrcZfyfxQcRfGB7NMnZXD9vz5efLw),http://realventures.com/,Real Ventures III,Montréal,
Red Sea Ventures,y4qesjn9d2dvbwhvabz0.png (https://v5.airtableusercontent.com/v3/u/41/41/1748289600000/rBG0TQQnOSNUcfyW4cJQNQ/eSCBLOxGCevZL64h4-owqADH9REUsV1f17t9XraD2y67cGrXTxqdYl8SamSJvR1tSkjpkHVAHVeexDrJU_o9HdT4jl53eI-hVP0cz0EiPxAkgl1TpG3rsXfeJenuazPk/GVPc_m2casUPKi0bjivkmEMlVgrRw88fbM3e4QIkS78),http://www.redseaventures.com/,Red Sea Ventures I,"""New York, NY""",
Refactor Capital,cqi5uuyxlwlkc3dqj9zz.png (https://v5.airtableusercontent.com/v3/u/41/41/1748289600000/nmTAue57sd2DUncA9a2OzA/fdEOfhe0_7231_g1bK-YV63M3dvaKQDvNhwaEuxl3viYdw9VE4TcOwMaw-OBOZnmMvGU8oZ6GPit7xNxMUlamcGOWdFEwN588yD6_53KkHUGybAMTqlhpHyhbJDkanZ9/UGC5serXm9cYNhaeNX3Fe13jSL164_piuqatGFIbKDA),http://www.refactor.com/,Refactor Capital I,SF Bay Area/Silicon Valley,
Relay Ventures,oz86kpvqcw3tlgpwjryk.png (https://v5.airtableusercontent.com/v3/u/41/41/1748289600000/b_b6lXBm2v2_UMc9boGYdw/Z-h7RxHd1CVwClfpYm1JgZeHkDLOUDbALOQjJd4YYIbqUnkoJsPF61KFd4tGFwXGF7wUaev-3w_UWnlim4R8rHwR715AWy3FDQNjZhv6YPQ2-JxwRRjh7hyOtsjZKOHA/EZwu0mTemlhYvveblThp0XX4EXi7IRSpm6cCWOSQMao),http://relayventures.com/,Relay Ventures VIII,"SF Bay Area/Silicon Valley,Toronto",
Resolute Ventures,ut0ib5cup0seeuihlesi.png (https://v5.airtableusercontent.com/v3/u/41/41/1748289600000/s4xrfkmL7UHdNWakZ3x7-A/4PiJaJ8hrtUb4l7LzrWnUpniEyhfkWvdnrHjHVNx5J7z591PSNgDUVnQSe5Aao8VlehLzP7acMaTLk18T3I4aFSKkaFbwWP_8x92kH06l8-Y1rBfqD6ZZ8VFSu3CTtCK/BHDfleqY7B6yd_GygFOVQVAj3oyyX7yO3Veh1TTY-Uo),http://www.resolute.vc/,"Resolute Ventures II,Resolute Ventures I","Boston/Cambridge,SF Bay Area/Silicon Valley",
Revolution Ventures,0840a1776e056fe59860ed2935cf3bb5.jpg (https://v5.airtableusercontent.com/v3/u/41/41/1748289600000/y79J2ENavD6qEEWq4yRCoQ/3DdnZJUwvI3LOErGqJ5r_AUmg44qULX0OS9aKmsfwANYFu01fBMS3hVJMEoJyD8Y7ddI2nc4euHyKKWV5xYm2_eAM4ivMXdU-Paog4V8kFA2oambS16_LxqbpCHj-8xe/JVi6ogd-VW0lKDs6bXQyBv6JWKUROVwg4AjCYHjhWJY),http://www.revolution.com/entity/ventures/,Revolution Ventures I,"""Washington, D.C.""",
Ribbit Capital,19b49e1d50774c3aaa67084cca77cfd5.png (https://v5.airtableusercontent.com/v3/u/41/41/1748289600000/ldw50QNdBGlK3N3HqPbyfA/a6j7tJujodf0g3W7b7dJi6HVX45F1Uhp5ngaVW2x7y8zNmvNNw6Go8QHex0sus0JkZPSWlGH3dtUroNw1aUK1xFpvh3xD8wSmMGJoVCZv1VNlYeeH0fJXV78QDJB3Mwt/73xc53TOFH7Jift3a2H9mvZCAwVtYKTrEg62CGg4148),http://ribbitcap.com/,"Ribbit Capital II,Ribbit Capital I",SF Bay Area/Silicon Valley,
Rise Capital,7faf8e87f06b1e7545c158c19fbf5b1e.jpg (https://v5.airtableusercontent.com/v3/u/41/41/1748289600000/CQ6KdLwIPnLmQeI5gOD4fg/NGm7kluk-qNXP66Af9nLUbG9Ud2fkHvoL3TNYwMw2atp4IVkqXx5BlrZRa5VfhL3Pz6SOKlqeuzPAHe6yihvPjMPolzFjTGIbzYdPeNDatrybqx8hUrBKgEEX57KQ4Xh/XJRm04BoJi2eWEfyZpe5kDai7DEukVen1K1xNQVYjMk),http://risecapital.com/,Rise Capital I,SF Bay Area/Silicon Valley,
Rittenhouse Ventures,ly3t8sdhesk7yr2w3ti4.png (https://v5.airtableusercontent.com/v3/u/41/41/1748289600000/TbB90ISbUmTvLdSnPKhLog/VwdcwjLdS7R2zTiN2Wz2w3f-35ViqenXVWJ4FzWL4Nw4GJNQoI0xZJNcU_iyRJ7zkhVOGpIuSr-gZ4SDiLUFJ3V3VwIKgI9nONhYqGHECdW8YS3jQsjNvUxFj2nHRWQS/rDCo4iXH0SxZNNpr81vLA-Hdd4O8RhvcIPrepZztH3s),http://www.rittenhouseventures.com/,Rittenhouse Ventures II,Philadelphia,
Romulus Capital,cybthc9t9zt5k1cz9iyo.jpg (https://v5.airtableusercontent.com/v3/u/41/41/1748289600000/9SQ9n6xvwPGsUeMRSwxwsg/v8K86G7SLwBz8SHqLwdMe7Rz7qTIxC72sek00N7JaEaHVE9ARYZSNGa9abCosrCtLo7qNamIP8YLMfEnZpEahcY2SZbdEYzeJUUUfyrG0pPnUaS3O2YG77UEBLQewlOm/rWRvQ4Dr3otRdTq1137l_jbvl8HdRdy8K5ZDPqnRwuw),http://romuluscap.com/,"Romulus Capital III,Romulus Capital I",Boston/Cambridge,
Router Ventures,i8bfntgqslztc8lvpxkz.png (https://v5.airtableusercontent.com/v3/u/41/41/1748289600000/Yz23WdPYI-W1wdmrqJ4r0A/FxdzXctIRCWJdTsXat7UX5-I16xgQtmvnwegUrxXrrV9BlEKw7GVopPQJ6crrQudOcNnK2_TiwzofHrI0KIhTum9q8hJLCO5KGhT1qXEYtQ3-acU3vabsOvYrWQiVWf3/wEa9Bqqjuj8LJ4y712AL3ohLcpBVQ72zhw0Dx2VKIZM),http://www.routerventures.com/,Router Ventures I,"""Omaha, NE""",
S2G Ventures,sybajficeqz0aqcuxwxy.png (https://v5.airtableusercontent.com/v3/u/41/41/1748289600000/IPPTGXbu3uqx8-KfZnSjcw/ZixSKYTxLFUxgiqJtLdBnXpUme5SuPNocnIzX66W74S0EEjkYDN3fphGbCbAN7a4a6Yp3UCHclZ3LxtCKC_PJRr3xKSKQXzuyJTTUr5NXV8iipVCHiivPSLhjNBlR-22/IyOB8Jslce6BWRA6uQmUsmVaIHjCrMha5weM5qPbdbk),http://www.s2gventures.com/,S2G Ventures I,Chicago,
SaaStr Fund,eo5i5y5ns4idgakcxo0y.png (https://v5.airtableusercontent.com/v3/u/41/41/1748289600000/tMqqgThO9ulP5vZ2Zs5vtA/sxZVVyHNAm9npGza97FpOcMXbnqx8-1bW8GfECFrESZXgRMIpmbk7I-5mBSSFgpcooizGu-eR1_LBh_eo30WjqNywD65DwwqFJtnmQmCrJOgwJ7hS7kzsD_ojsxRCKUl/xDyYIDW1rT_Gk4mesHBgGHubHXcpTDzh_vY3vuxaF5E),http://www.saastrfund.com/,SaaStr Fund I,SF Bay Area/Silicon Valley,
Santander InnoVentures,rwfabxmqigcdfiqfqblr.jpg (https://v5.airtableusercontent.com/v3/u/41/41/1748289600000/BuyF0i2hDhOeKYDm6DwPlA/hjwcaPfSiI_VQ74B3Awcgnrw-1U-hCsGqCyY5PI_sLgnxBgYQaq4Dp8q-vgHoANsIy6RkwCzES4txGPzfbGNcprKSTnJX4qg2K__w-z-4REQZphsMdqs4ERuqemfCj6n/eSq44WAXYYaxZMemYCGpC30k-5yI4sjQXoENmdmHtB4),http://www.siv.vc/,Santander InnoVentures I,London,
Scout Ventures,4c0a0ae4bd97027a11651cd78bfda30d.png (https://v5.airtableusercontent.com/v3/u/41/41/1748289600000/Y5F4BFFUVytwghdjchnSDw/XWwQTqDBPT_V8O8cmY53-Ulj9IRjtUjEpVGHC0pvsoTd8hrwppAAQw5NTvdxG12d3xSp0eTpU4bhEJBSgcMIWIInMNcTR-3sin1gwwpHXZpsuXQPOdQS8mK5UFCclcYx/pSTByXE0Qu5hhUnIIOO2pTZJY8ODl0fK5iVpR5B3kYo),http://scoutventures.com/,Scout Ventures I,"""New York, NY""",
Seedcamp,celknanwdnrargksenhz.png (https://v5.airtableusercontent.com/v3/u/41/41/1748289600000/oQMfmzvRN8BrhUTc6LporA/tPuuU4xOY0lZBBtRwN9k9ySkcimFFHgOXVeqnDTb78YyQIPdwoo_xQ5256KGwJqYJkbqceQTQxc9CI4sUVHJqzfarj_0PJFmNdSpXeU0T862xZGnkPXNjp0knLNPpROi/mMTjddydKMGLro06BHLRboBhg2cczD15sy6QZ2cC4aA),http://www.seedcamp.com/,Seedcamp III,London,
Shenzhen Co-Win Venture Capital Investments Limited,80a97fcc86eae56c043f57343172ae74.png (https://v5.airtableusercontent.com/v3/u/41/41/1748289600000/DMy-_2WpgFIShILYMbzYjw/ullyqKaKraFcGdCbJL1N8bVzG77NbEwZ4Jfs2yGP9dj6pQRPr6uQ4wWaii3Pdt0hXP09q5Huh7V9SHBazVxPpFW3hrv0svPdoQdguH-n7IjW0NhMTv9q1v9hPcNxZEUS/9A6dZltXiYZc6koxvlwLlqd3eXjkIKYoC3vylynleME),http://www.cowincapital.com/english,Shenzhen Co-Win Venture Capital Investments Limited I,Shenzhen,
Sherpa Ventures,gdrp9mwgcy5hiolewcvy.png (https://v5.airtableusercontent.com/v3/u/41/41/1748289600000/0Iz6DF3PH7Nsw0wX1LFi9g/KmIZlrd406vNJAUOmXdq2WapkensAJt8t0b_LOtMDsS0uSVDwOAw7kuYzDnSHuhMnBQzY7mZAwupq1h9lkWtjEGRYyX7rpap358aawZrC6ZHABc1lrsTEXD2Xr4h8zAt/Fo_nT1IlXdXEnV-EGJrJGEAwfzB-f9c15gmcbFKZmRU),http://sherpa.com/,"Sherpa Ventures II,Sherpa Ventures I",SF Bay Area/Silicon Valley,
Sierra Ventures,37565e478f19fda82f55b004062468d5.png (https://v5.airtableusercontent.com/v3/u/41/41/1748289600000/c1N0fFr7MU9nomjMtU1r0A/WU3PKQDA5xfQgmH4pbBzpvmwDBsGN4UIh4WSM3BiKrkBB1XoZGQDdS2JStZi-vqrtm_0L7suvu9a5UbGOQ9XnmxAsTPH2PopLviW9GG7sRyL4tr4lKYh5iEZ2ZhH7B8e/msjdXhrqDMI4gaV9L7Wi95rZnLMkE2vPgPvZBNi-oZo),http://www.sierraventures.com/,"Sierra Ventures XI,Sierra Ventures X",SF Bay Area/Silicon Valley,
Slow,db46baba5d2d43a43740be898e14485b.png (https://v5.airtableusercontent.com/v3/u/41/41/1748289600000/tKtY07v5aW2mYqep9nA6_A/tnsg9hHM3CV90uqVGF_FLMTrxk1PR7waXT_nmEa7UfHH60HmhrhnchYqysLfabwDKr-_x63n6S43h4XNbfrw0Q1nnXHk5Jw7621E63YBv6g205ShfF2G5QDxMxEOzWEH/UgR3OuswGaHDramWz3Yc09874W3OXvjfq6dFN1nCOJM),http://www.slow.co/,Slow IV,SF Bay Area/Silicon Valley,
Sofia Fund,,http://sofiafund.com/,Sofia Fund II,"""Minneapolis, MN""",Specifically for women-managed companies
Softtech VC,88d27d0de246751dbbad7b080654af22.png (https://v5.airtableusercontent.com/v3/u/41/41/1748289600000/jf18drKizmxoJgMazur3AA/O4MbPZ8_kWFg--Io2Kh4foHoJk-zJydTrQN_bxtLnKnefIC9JnIy0MeySclHfZ1bfhfOzvOZX3C_MosSLVqhUCseobQeM6EpNbgeMquR9KqiS2DD-z_xEdaB4ildOa9_/3tNtw2Hk0mng5me6wW8RmOFU0Xb-cKfm7BXDlHi-CBo),http://www.softtechvc.com/,"Softtech VC V,Softtech VC I,Softtech VC III,Softtech VC IV",SF Bay Area/Silicon Valley,
StageOne Ventures,72de6eeaa1657f0c5c6413a1385ce042.jpg (https://v5.airtableusercontent.com/v3/u/41/41/1748289600000/gNvbU2L8VSQdIA1vMYaBxA/LenmjhNyevPnCJ29i7fDzoHXcrPkD4n7XEJOo_z8wL7EkfWLlW_UQYjTRjT4aCNIBj4y34IhzBTaONj2uC0jduLJ7qvXjX-4G08r3q7OqlG2D62nvHPERUD-yXQMb1sm/v39JEnugusgcMsWRzWMZeRpkHealBv5hRJp3UH9XObg),http://www.stageonevc.com/,StageOne Ventures II,Tel Aviv Metro Area,
State of Mind Ventures,re9wovmumd6iwousyn6u.png (https://v5.airtableusercontent.com/v3/u/41/41/1748289600000/_aKTKweGY-QpNxV1XATZIw/ilpWndvMEyeNl-VxoKLWAe01OSeAMxfIme72IkYQVZalvdIL0BHvtKOydDS2TblEJg0NDOUcexGSfcF8_OnL0AFxq8Ix93d_KSm-XDGPvuL7Ri8mjiYg_JPY99XSgXzg/LpHgTxyK_mxBWB8VEJL4iRReU70BMU9CoYqsKFtD5-o),http://www.somv.com/,State of Mind Ventures I,Tel Aviv Metro Area,
Storm Ventures,3bcfc50684d16deb9650136dafc1fda4.png (https://v5.airtableusercontent.com/v3/u/41/41/1748289600000/KhlHJ6it7fD7a1s3qy_K-Q/KCMbl_oEUSqN-kNYdmaisoTa1Yx5Rz5AJntVLh1JMVp-e0rPSUP794fJgETfXGHFLkm0jcfcKLbzwq01olREgr3Q5lVJrA9-pV8L3oOh-ilKevdpZhFm1a8IitkG5gWz/IKDDFHi5E4bEW90vjKvhlTgpbb-l_Ra65ax9l6hukPo),http://stormventures.com/,Storm Ventures V,SF Bay Area/Silicon Valley,
Structure Capital,aquvjrtfml5bmiuzw7dn.jpg (https://v5.airtableusercontent.com/v3/u/41/41/1748289600000/NlI2kVoV0NACG-0GL3rJxg/DTgG9U8W5-mg6z0-0teOFrlOt8-LRO7gFcxFezajUomKqqvgu2h83l6bWQk2qzK_vc4tg9IiFZ29nkmXRNnSx1zhqGD91MLeWMXPX16x81BaISVIyrUFrQpprjiqViuD/mM0aJH4963hmqA1FHz2r6U8K8p4jnhixTu2lCqTuugo),http://www.structure.vc/,Structure Capital II,SF Bay Area/Silicon Valley,
Super Ventures,zaqmbbiuawzd2zxogv8c.png (https://v5.airtableusercontent.com/v3/u/41/41/1748289600000/pCP8BL02fl3H2G6PLZXZaQ/oGUUTgbcjlA_1EZifRQywG6F2D6urwrFghdR7uiooGsKGFKwwjfMIm_L8UN5cSsEv6quL-HuqI8EGjiO_NP7zcXNeHOJJTVDXs8zE0TCBkTQ9CLmqNvzF3t1JIh5bulW/rn0nx_dqNuNScsiMD-mrsQ53Yz3go4IRRAcj__StHJY),http://www.superventures.com/,Super Ventures I,SF Bay Area/Silicon Valley,
Susa Ventures,337c863d13cb777d5f4ac64aa679b7c2.png (https://v5.airtableusercontent.com/v3/u/41/41/1748289600000/cFGrrdkAeuWw7o7a3kJfzQ/CmnNCTQVnUZeqeoKj-RLdIrgqnAYoCHEzfChTxy_7Imb_4xWHPRpCAOBL6nIXUkFZPQpTQPPhjevT5XIpLbfcAnaye1QFbKi3rxB6Zk4va5SZK674klRupOOXkBdEv4h/DvN9Ug7KHfyUMjY2hqPu7su8-ReOBLfCBRDu8KpkJqU),http://www.susaventures.com/,"Susa Ventures II,Susa Ventures I","SF Bay Area/Silicon Valley,Los Angeles,""New York, NY""",
SV Angel,20e0740010dd063a306ed323780065b0.png (https://v5.airtableusercontent.com/v3/u/41/41/1748289600000/XNMkgZkugae-KhrAx-Yx8w/2HCWyhY-9OQ9xul664kG1TtRUnLFXic76d3bsQv5ARI7XGtdyIhUE0t3gvklz5ZXeuHwXjM9iE6U_2HsghBdyEI6kvChQ_uMRgQItVJ4BwQH7hiPpqZfrCyXgQqtTYJ6/vzJUIwYPgC66lAka_Lakdfkxha9Fn2Wr5fqTlRfuP08),http://svangel.com/,SV Angel IV,SF Bay Area/Silicon Valley,
Tandem Capital,p1yaroeydrsq1jn65rnn.jpg (https://v5.airtableusercontent.com/v3/u/41/41/1748289600000/aR2Qe9DTL0s3OY0M8ARheA/9tu0vguoIU_Byg5O9X80UBoIxyuE6Yj0Stj-qgdhC-BJUjRDPLnCohEgTc-W4LOM4JHzsM9kyJLQ-H2NgiXjkno3paO5KchgVLtokK30XEUNW_bnVHHKvsu9x-WebWjM/bCqNlxx0HSLRqpuOmXPAWhSmJW3wvtSakn1sk8BpMho),http://tandemcap.com/,Tandem Capital III,SF Bay Area/Silicon Valley,
Techstars Ventures,dsrppikuuefczpjclubm.png (https://v5.airtableusercontent.com/v3/u/41/41/1748289600000/m1hh3zyaCY8Tyz1G1o6A2w/DMHoHCeebykwp8-gb4-xnD0LVrzUNhDn7I3ET3zcivNwOPXbsYpfLkP652b_hCdhxXkVuvXKfiUi0LS0VGZlA7nq5V4lguP7zmMNu9W9heUPnyMYSpRdv6MBlv4watvz/h4D_DdhQssT-J3Z7qhyBrndB0Ov4oe985zbbETrU9qk),http://techstars.com/ventures,Techstars Ventures III,"""Boulder, CO""",
TenOneTen,d205e6c3d322c1544c0fa3109e9b1ea7.png (https://v5.airtableusercontent.com/v3/u/41/41/1748289600000/wy---XvJtuFwB5Gr2eF5kQ/r-Lcka2am2Y_0GTVNW-3bq7_mylk3UcHScdbfxTHTYi3G_0pyzYHFPmUHD7Abdhc3PC6oC2GSKVH1JqY3KOVRCp-tADSBNaIEah9FqfcGC43ldP_gxg0stFzbTETnG4v/xKrPEgdGkOUVawWToWFAF_iwGs0gLJmhUYhsapzN1Dc),http://tenoneten.net/,TenOneTen I,Los Angeles,
Thrive,vxbny8b3elsusdxbiap3.jpg (https://v5.airtableusercontent.com/v3/u/41/41/1748289600000/O8kY2AwyuUWuvqnAu1EnPA/1kmd-YibtBRFHvYsOjRJnt20qLiURJ2UTVaBWcIaCRRYxqIbxjLArpBZ2vpnwj-LPcFfSgFRZCH9gKdNuZLdekibgU2yuzzr5I-SG7oeGFOHHA9YgagVVAJBGXLfEDFm/d1AU6LQCs88SSP32nAE7t1_Ix_MackqSFu8mF1a3axI),http://thrivecap.com/,Thrive III,"""New York, NY""",
TLV Partners,fngwm7xndkqyeegesypu.png (https://v5.airtableusercontent.com/v3/u/41/41/1748289600000/c84wpllaxcmE957C6o00Tw/z6FEfjzUR5Xw5XOSyYUTQq_yrIqwMPZCsL6blS_Saba14LWMwVLN3Ee4ghvXnNGlk1Q7R5nr0AK9OjAFAUz51XF3s6p5akYG-0H94C4Yo-dpOsnz58vXndWsCtSq-rz3/xD_4Cn0rsJA7DWhm-aasRoxrgKw9nGbRf8JufQqFIq8),http://www.tlv.partners/,TLV Partners I,Tel Aviv Metro Area,
Tribeca Venture Partners,zzajkx36s50mz8vi0vkk.jpg (https://v5.airtableusercontent.com/v3/u/41/41/1748289600000/NXkyXh6uESuUvamqTrFuxA/SccyDRXxcR_EPU_5QqC8VFtbONlYYxPw7f1K_X4tT7juZ62V0s_FpznS9YZXKOPeWZW3HH-5QRQVLFoRDathF__XoUg6pkKZxPpoiKvPAJD7VzVNUH8L857fGWTAybX1/y4RPlUpLKx0dC5dBdUKcRX_yKwSrKIXELihgoMM9PzM),http://www.tribecavp.com/,"Tribeca Venture Partners II,Tribeca Venture Partners I","""New York, NY""",
Tullis Growth Fund,ea137b479c53179ba2f9bcf9814dea3b.png (https://v5.airtableusercontent.com/v3/u/41/41/1748289600000/7Dk00dgOXlEy5vXAlYygPA/0ptXtECUqWRTAkivitG75lY9bJ1lJ0fhbaPZ2scc4TjvBQDf76QjjV7texvsiiHyx2RlGNZJKkEbvqwzDRPGa634lwbrDHqT4OXioolrSvtdR_2v9-UoIs7_qnlUTVXP/ZpXZWDZ8riZi6uy7GYZEZnmsZ5eGZzwQwJhfiCaZiL4),http://www.tullisfunds.com/funds/tg-tullis-growth,Tullis Growth Fund I,"Beijing,""Greenwich, CT"",""Palm Beach Gardens, FL""",
Twilio Fund,a11a490b6bd05d843b4371f580b93f11.jpg (https://v5.airtableusercontent.com/v3/u/41/41/1748289600000/-EMc18YNoTRs-tS6klP3Ag/F6wnLwqcuy_7lwoW3puTapWLtQwh0wlqAPJuMfBUhnCdQoQinzT15vUTHCiZfvYzb-p9YehVpToyUrjxtCt6k8UPGKn1BLVQIwc1zQ9u0_TQr0s4bOcUoVqu5NgzajFF/W80SVizGKXXcX467y7Y3Vu6AOuPR9EnJBU-GMjCcr5w),https://www.twilio.com/fund,Twilio Fund I,SF Bay Area/Silicon Valley,
Underscore,rnhu3gcavgubznak04vk.png (https://v5.airtableusercontent.com/v3/u/41/41/1748289600000/wKMhHbxe0ozQWo2SR5qmGA/PT46mojvFQkjywuP9iRpnz8Tgao-rIuilWGYwYbkvzqdTZWr236w-GmYS3wVYBcLJ7XEv7gQf5_HEeTK_Dg3LmkkkMOCT4o4NG4VPAjzZMUGF4M61AOFBnvWDe0AIFVY/YLLcwn5unkPEq2LJTTyKORdU-6CcdFyYTSusl5Zoz10),http://www.underscore.vc/,Underscore I,Boston/Cambridge,
Union Square Ventures,vt0qjg347v6gall2hmeb.jpg (https://v5.airtableusercontent.com/v3/u/41/41/1748289600000/GOccI6SiTdN1LGuKVHYWPQ/Ie9IPtqbxlfaBr5BB30wj_gSCLkT7ivShyB91qBTRGKc0qr9ksH2ulsWnphiAZEw_iIZ_GCywbUnwu4HfH_TeocMlp74lArVH-jKvo7HYDJpWk-XmBI0ENEvUxZwsAeO/JNRdi3UWkt92HmvpgiCl4fsrdn826eGcMZgt5NkxQGU),http://www.usv.com/,"Union Square Ventures V,Union Square Ventures IV,Union Square Ventures IV,Union Square Ventures III,Union Square Ventures II","""New York, NY""",
Unshackled,kw3dsmzg8gql7vamx6ya.png (https://v5.airtableusercontent.com/v3/u/41/41/1748289600000/4U5kWSKRPl_8MnP_zPDHBg/-sWtjc9Sx3fShLKOC5yWrD6GIkuc_p0clutqqBKtS3UHLLxh0qZCZf9GPsrjoJzD0KeN9Bwa86W9WZ3Dql7714WeuLAWJzzf4lFDUg2HkUTb1XjR089HTYXIF1Nw0eEC/mWgekDSn-z9gk35FqBzTM82mxzlhtOpLuN65-QsAgPI),http://unshackledvc.com/,Unshackled I,SF Bay Area/Silicon Valley,
Upfront,8647fd890a54e10bd320ada2651040c5.png (https://v5.airtableusercontent.com/v3/u/41/41/1748289600000/S8qA7HZDdEwbCAKa1DLRGg/woc-_tIUiDHHLVSGjDKbMseVfYMEc48e9rs91cKG2y15RpthhKz1vA63XzH4fjmquTloQlxWzgA2WAwP7OkhBeflP619xg1p0NAjeMN0felSN86kQ9dB4FL7WtoGVaoL/otceV6aDThhvO-9wKFD3Swyzy1IyaRUBt972qrYNrZo),http://upfront.com/,Upfront IV,Los Angeles,
Upside Partnership,xxksxcjcwo8nqeaxmzx3.png (https://v5.airtableusercontent.com/v3/u/41/41/1748289600000/IKFEqggbCOrI-dmX7RAj2A/me79ZgeKI7fNFO2SHi_1fzw9hWl_g9h0OJJtik1i_RyMJaLbfFjihNnyXbqY6KrzEb6gLuJDGZK54gaS6HTcZhEmd0-QUI-VsCPybfXQ_r1cEygoe-rdwOq2MRlHSzld/4phf_rUHSNtGuyrAhLGw6fEG67yB0xm47Sg4z3Ecmd0),http://upsidevc.com/,"Upside Partnership II,Upside Partnership I",SF Bay Area/Silicon Valley,
Vayner/RSE,mojwshldpnj7zh3hcrau.png (https://v5.airtableusercontent.com/v3/u/41/41/1748289600000/eVz5ki8Ihw-iNpPhzo_lRg/YGW-x91v3a2axLTFsC3a8tBhsGB2vTiy9HXuIgsm69aAKBsAWUDnzmF6zg7bEuPQFC9-eaOGdF_j9x3miFEiCQWmxqa5PMwcl044YBpSFiznYPPqCz9qFHtPyBDIqWvh/JLxNq4Nx7MeiieNmIMF4mVUE_xefqxMt_RlnCLU9mCs),http://vaynerrse.com/,Vayner/RSE I,"""New York, NY""",
VTF Capital,mxpa3opnnapqvvmcfhjr.jpg (https://v5.airtableusercontent.com/v3/u/41/41/1748289600000/KcVmd6v8emMxAb0F4cG7Nw/I9gV9geAOK_0EEMfgyvLBzXI7Z-nTLkBOo5wCSMA3VavfAgC3p6OFQFLtbxcZns6hrrWUU-drg0WvE0r7QPmxMYkIvYRj7uFlKPInRl3QVDaJM5EaJR5LiCBhtpRiVv3/dqb7MG2cShdL80KxxSiYmtFSQtXSSHhydC5GGXdENjk),http://vtfcapital.com/,VTF Capital I,Las Vegas,Formerly Vegas Tech Fund
Velos Partners,bbbd974579342a0699cf3159242a044b.png (https://v5.airtableusercontent.com/v3/u/41/41/1748289600000/IBGg3VRiKG-8LCfBFdLOCg/xD5U3EO054DvruivPK5ZEJ8d8PSxi1ITJP4ERX51655FnSl7CTCL3f9lCFlLwOmfw8mpumLq9ns4nlgk5rNXT36KvTSVqSBQdX53ulY5NxlX7y3xdHAfrDZBI_L38OtW/fhkBpXha9HerQNQG9NwEN5lspv_hBUfkHmEPfwHcALE),http://www.velospartners.com/,Velos Partners I,Los Angeles,
Version One Ventures,f87799370e7476d4da670d7af135eebb.png (https://v5.airtableusercontent.com/v3/u/41/41/1748289600000/0ascZkdHjmPZt5c5lLNCpg/a2NbRkok5EU6v-UkjLQpRonaIw3HcSvtvEYJPO3pasCaGHDZKDC1tv6ihypptv_xj3nABVFtIRpMoeV2_4Hm5yG4bzYPfsCJgWMJvibYmzezi0_4dV_V4ZvV598aKWcD/xaJxP3VqNgQTcQUuuwdJXTQZTHRytpxq_iHXthGnQiU),http://versionone.vc/,"Version One Ventures II,Version One Ventures I",Vancouver,
Westly Group,dc1ee6850578def24dbe5d3a4f1941e3.png (https://v5.airtableusercontent.com/v3/u/41/41/1748289600000/8_0p2I66Zqnhh4W-BIzCUg/JuF7tX9gtr_Fr6jqiLPxNE9l75hBRhWrD3vsFfBpsaP3QUBLiyopTjHn3-rnh3ao2ADObzfnE6N7PgfIG2sHUBXhBBBz4PNhoxb890fVlN0UqrRZrEImRvtYKJ4FQ2_D/o6g3lNrrcbqgx75noTPavTkZAStJ9k0lZ9ewCZ9GhD0),http://www.westlygroup.com/,Westly Group II,SF Bay Area/Silicon Valley,
White Star Capital,hcw35ep4xvtw0inw6yse.jpg (https://v5.airtableusercontent.com/v3/u/41/41/1748289600000/HtUBDekW_1jFB2aPmswsQA/4FTMwsJV2s-HozFKMFcyLIRDI1BPBYDoSdNjxxS1xLjFQbXsSfgNVW9Ck92sx9-ZlB1muWT8wDaXb4kWLsYdr_mCd5IQyTlgkWnsseE5mf-azf0RryE-QZLTgsniW2Fl/bALo8SaM_ba_RFTA6G4qYYKEl08eUCnBJE5m-qz7CBY),http://www.whitestarvc.com/,White Star Capital I,"""New York, NY"",London,Montréal",
WI Harper Group,logo.png (https://v5.airtableusercontent.com/v3/u/41/41/1748289600000/ANqQgfUbq_SPapPR7DXHzw/3pfUH3nXNMijFM6dLABBTorgWQAYLQ3han_SUhASCXBNEVEEFDQXGjlpQrLn_gO101rqZZtGFdZoQHg3YqA_66d8Gazg90fgiESRyee4CC0/dsJLh0gXP2LenQz-bzP9KFzas06EI8NCD9R4Cysmm2k),http://www.wiharper.com/,WI Harper Group VIII,"SF Bay Area/Silicon Valley,Beijing,Taipei",
WindSail Capital,aacec93ebdb4feda2606eed89b87938b.png (https://v5.airtableusercontent.com/v3/u/41/41/1748289600000/75TH9CBo_sPijjI4BSxuAQ/yCqBnxY-pt6S_FJfzcCZkNY6k73F-YiD2wU6UO94Sf2htKb9aUdQPL8hTMFtWbB_gyP3TuibZihMmSmwnmdta7--7xieZPviSLibj2Vs3SNdFqRXwVoiueIUnx4tonwV/6-PtgmvnTyqBbC86_tFXAum7OydXQfZa2-z_c5ijAm8),http://windsailcapital.com/,WindSail Capital I,Boston/Cambridge,
Wing Venture Capital,5ec4bd8b0bd1de122ce94b9993fbdf2e.png (https://v5.airtableusercontent.com/v3/u/41/41/1748289600000/zlM74_uUPNq7BKPxRb361w/e0XSadzA2lDHmdyZzffQ04R2OTdvN1A8VXuwEace-3J8QofwUDA2oVgYGLxxK9B5zFYPaz2XIRkvkUTgKSVX3_jAm0SOofMZj5dka8CAFs4C0p_5qzqe1i8t1F8hPG7j/6RYztgNhIxdLoulYGz-t8zvkQ3F_PCDcLSmcv9UeY9k),http://wing.vc/,Wing Venture Capital I,SF Bay Area/Silicon Valley,
Work-Bench Ventures,4317ffa86e35706a3436c5d7b2b4abd7.png (https://v5.airtableusercontent.com/v3/u/41/41/1748289600000/KOrrKf84hzFaaQZSjm6i4A/9qJsxjv6By2SurtgnzPXR4gN8cjfbf3ZqFxv0cIzsHHw5cnfvB8c5ruly1cnHWNWMwSYNjX3VtddEQdvsB5RFMnTeNptt75VTRDhWTfbhqo2KAjvxTg6Uttn2525oLre/NYjec0swEyPjlav-zku1LbLeS06Wc6WFyC-RZUU4j1w),http://work-bench.com/,Work-Bench Ventures I,"""New York, NY""",
xFund,cfo9fy3wpyedprzzv3kg.png (https://v5.airtableusercontent.com/v3/u/41/41/1748289600000/NFh6Um_YYIXjXXL1xtipJA/sxW2-uLlGmHLsho1GS_SbYFAlHiDtCqJpNSQ5udmJqs8vjHFadf85mI23l5rrjs469aW1eGOA2zfKUdnqow5LcJ3i99Si48FATsdwaNaHob-y12CygwhgBQOnxSQKE4R/CnXg7Z_g4YLX5HeLSdKnDNNtmTcf02bV0jAVMprFO4A),http://xfund.com/,xFund II,"Boston/Cambridge,SF Bay Area/Silicon Valley",
YL Ventures,55a03e66cf8212d65726740b416f14a2.jpg (https://v5.airtableusercontent.com/v3/u/41/41/1748289600000/Rlu1nwmgSAznyUszLSZGqQ/BVY0OAaZ32ZGfBM8svit_mSa5E23p339qLWWLnXAgeL2COF-njBME9Utqg0MmN7fwqlRGTf-Pm49tjTbsgKSRBRm-tctEanI6D-UbvQSJ3ChL6xV_hU2-9-XTgGHcU6k/TXxq-DEvdlXUKOYW9yQ6_2y0IpqXk3Bp-eIBhzt4jts),http://www.ylventures.com/,YL Ventures II,"Tel Aviv Metro Area,SF Bay Area/Silicon Valley",
Zetta Venture Partners,r3skqe9nezeytlb2oigs.png (https://v5.airtableusercontent.com/v3/u/41/41/1748289600000/QjRO8wRb9snPWeCZZpdgUQ/Asf_tq5gKOJfzKcuVp3XDi7j2NierOCYuj26UvbZ3GWSjoDAnzjHdILV5i2ZBh4WxrfgORlxO_372pEohOCza2RVh7R327mZGr9fiJ7NZ8u20uEYsz1fWEPYmfsExtSM/9J2chdodESHN1BHhbeEIZeQ-M7s9eytZBv5M-jjCuws),http://www.zettavp.com/,"Zetta Venture Partners II,Zetta Venture Partners I",SF Bay Area/Silicon Valley,